OBJECT_ID,RA,DEC,1_mag_0,1_mag_err_0,DATE-OBS_1_mag_0,2_mag_0,2_mag_err_0,DATE-OBS_2_mag_0,3_mag_0,3_mag_err_0,DATE-OBS_3_mag_0,4_mag_1,4_mag_err_1,DATE-OBS_4_mag_1
3326929225657356288,100.2409436821751,9.941616329108202,14.974244,0.019938404,2008-11-01T22:34:49.428,14.984356,0.023616057,2008-11-01T22:34:49.428,14.993501,0.043900591,2008-11-01T22:34:49.428,15.163204,0.1647531,2008-11-01T22:34:49.428
3326929221360458752,100.23972383427733,9.9379171285549,17.990134,0.087834008,2008-11-01T22:34:49.428,17.750899,0.090836759,2008-11-01T22:34:49.428,17.027841,0.22659615,2008-11-01T22:34:49.428,16.040707,0.36300667,2008-11-01T22:34:49.428
3326929221360454912,100.23780617518351,9.945147744328958,17.221778,0.05873313,2008-11-01T22:34:49.428,17.182716,0.067789328,2008-11-01T22:34:49.428,16.845072,0.19336508,2008-11-01T22:34:49.428,16.472647,0.53771399,2008-11-01T22:34:49.428
3326741174808624256,100.24249774938156,9.929022554829153,16.061421,0.033280486,2008-11-01T22:34:49.428,16.016767,0.038392696,2008-11-01T22:34:49.428,16.04058,0.098270991,2008-11-01T22:34:49.428,16.179079,0.41160996,2008-11-01T22:34:49.428
3326929290079933184,100.23219715849747,9.952109169272525,17.316382,0.061624861,2008-11-01T22:34:49.428,17.232156,0.069500569,2008-11-01T22:34:49.428,16.984992,0.2182978,2008-11-01T22:34:49.428,16.134066,0.39511465,2008-11-01T22:34:49.428
3326741170513705344,100.23973838958555,9.925792242837872,16.40663,0.039280149,2008-11-01T22:34:49.428,16.265111,0.043231358,2008-11-01T22:34:49.428,16.257377,0.11746596,2008-11-01T22:34:49.428,16.588639,0.59772584,2008-11-01T22:34:49.428
3326928847700236288,100.22714251257824,9.93569954734864,12.52544,0.0064157793,2008-11-01T22:34:49.428,13.027646,0.00953738,2008-11-01T22:34:49.428,12.762405,0.01123313,2008-11-01T22:34:49.428,12.832265,0.023486048,2008-11-01T22:34:49.428
3326741484046267776,100.25719510991394,9.930924567482112,15.850573,0.030103635,2008-11-01T22:34:49.428,15.813879,0.034866961,2008-11-01T22:34:49.428,15.798956,0.080886898,2008-11-01T22:34:49.428,15.932819,0.32918168,2008-11-01T22:34:49.428
3326929294376833152,100.22876459619859,9.952539479136396,17.487633,0.067289747,2008-11-01T22:34:49.428,17.41928,0.076442835,2008-11-01T22:34:49.428,16.860771,0.19600572,2008-11-01T22:34:49.428,15.974845,0.34195983,2008-11-01T22:34:49.428
3326741101798707584,100.24725717111664,9.922252125736518,12.675075,0.0068742162,2008-11-01T22:34:49.428,12.563936,0.0077004974,2008-11-01T22:34:49.428,12.257892,0.0086685868,2008-11-01T22:34:49.428,11.755405,0.011121954,2008-11-01T22:34:49.428
3326928847700236928,100.22578956872016,9.931089788386485,16.435724,0.03983668,2008-11-01T22:34:49.428,16.438151,0.046987689,2008-11-01T22:34:49.428,16.575233,0.15344235,2008-11-01T22:34:49.428,18.105454,2.4000769,2008-11-01T22:34:49.428
3326929255720180352,100.24746518640112,9.959849311787536,17.564977,0.070046415,2008-11-01T22:34:49.428,17.619554,0.084783413,2008-11-01T22:34:49.428,17.337306,0.29728823,2008-11-01T22:34:49.428,16.535165,0.56926248,2008-11-01T22:34:49.428
3326929294376832384,100.2325364078635,9.957716903791157,17.666882,0.073884409,2008-11-01T22:34:49.428,17.527347,0.080817527,2008-11-01T22:34:49.428,17.560665,0.36236462,2008-11-01T22:34:49.428,18.421941,3.2104704,2008-11-01T22:34:49.428
3326929328736569088,100.24791537141267,9.961375650145866,16.934914,0.050868747,2008-11-01T22:34:49.428,16.832066,0.056935501,2008-11-01T22:34:49.428,16.660644,0.16502866,2008-11-01T22:34:49.428,16.507028,0.55483883,2008-11-01T22:34:49.428
3326928809043598080,100.22604749136357,9.926136463117519,16.831534,0.048331723,2008-11-01T22:34:49.428,16.501909,0.048459597,2008-11-01T22:34:49.428,15.971889,0.092936359,2008-11-01T22:34:49.428,15.029049,0.14622081,2008-11-01T22:34:49.428
3326741587125480960,100.26402031078698,9.948048615631484,16.661303,0.044455467,2008-11-01T22:34:49.428,16.727991,0.054099323,2008-11-01T22:34:49.428,16.689556,0.16916053,2008-11-01T22:34:49.428,16.953173,0.83403175,2008-11-01T22:34:49.428
3326928912129206272,100.22034642157354,9.949054510317564,19.061628,0.16449612,2008-11-01T22:34:49.428,18.963446,0.18125152,2008-11-01T22:34:49.428,18.978896,1.3040599,2008-11-01T22:34:49.428,18.208306,2.6380103,2008-11-01T22:34:49.428
3326741136153966848,100.23016235456603,9.92047353375434,17.634811,0.072650297,2008-11-01T22:34:49.428,17.548151,0.08169293,2008-11-01T22:34:49.428,17.24987,0.27523819,2008-11-01T22:34:49.428,16.836448,0.74957606,2008-11-01T22:34:49.428
3326928912122809472,100.21838112643849,9.943500656348112,17.305163,0.061273515,2008-11-01T22:34:49.428,17.258357,0.070427481,2008-11-01T22:34:49.428,16.67783,0.16747151,2008-11-01T22:34:49.428,15.854715,0.30670858,2008-11-01T22:34:49.428
3326741101794228352,100.23949263668598,9.915906259757907,17.405029,0.06448485,2008-11-01T22:34:49.428,17.321858,0.072733433,2008-11-01T22:34:49.428,17.289203,0.28493844,2008-11-01T22:34:49.428,17.220607,1.0654518,2008-11-01T22:34:49.428
3326741479751304704,100.26182116670107,9.922800936718973,17.152358,0.056710192,2008-11-01T22:34:49.428,17.06201,0.063809326,2008-11-01T22:34:49.428,17.031284,0.22727718,2008-11-01T22:34:49.428,17.242633,1.0871756,2008-11-01T22:34:49.428
3326929324446067584,100.24531196288495,9.967257098957349,18.824473,0.14195096,2008-11-01T22:34:49.428,18.698426,0.15430078,2008-11-01T22:34:49.428,18.674673,0.98850144,2008-11-01T22:34:49.428,18.220916,2.6687624,2008-11-01T22:34:49.428
3326741479751304960,100.26476439324931,9.925573337636687,17.273262,0.060286954,2008-11-01T22:34:49.428,17.151114,0.066720711,2008-11-01T22:34:49.428,17.063757,0.23380767,2008-11-01T22:34:49.428,16.980619,0.85524434,2008-11-01T22:34:49.428
3326929324439658112,100.23992744539352,9.970171071683998,15.921425,0.031133737,2008-11-01T22:34:49.428,15.531245,0.030512433,2008-11-01T22:34:49.428,15.076243,0.046607198,2008-11-01T22:34:49.428,14.537944,0.094926871,2008-11-01T22:34:49.428
3326929324446067328,100.24062266959807,9.971161823290078,16.968832,0.051733409,2008-11-01T22:34:49.428,16.639091,0.051800023,2008-11-01T22:34:49.428,16.406588,0.1330598,2008-11-01T22:34:49.428,16.253891,0.44058401,2008-11-01T22:34:49.428
3326741514111044480,100.2722807077613,9.932258037498306,17.385352,0.063836935,2008-11-01T22:34:49.428,16.813575,0.056419763,2008-11-01T22:34:49.428,16.300783,0.1217855,2008-11-01T22:34:49.428,15.741592,0.27689535,2008-11-01T22:34:49.428
3326741685908694528,100.27286130321035,9.94815493776347,16.786451,0.04726986,2008-11-01T22:34:49.428,16.637509,0.051760101,2008-11-01T22:34:49.428,16.337013,0.12552421,2008-11-01T22:34:49.428,15.807345,0.29384548,2008-11-01T22:34:49.428
3326928882059976576,100.21191566110642,9.931380684062376,15.598973,0.026726271,2008-11-01T22:34:49.428,15.601716,0.031542052,2008-11-01T22:34:49.428,15.530494,0.06553043,2008-11-01T22:34:49.428,15.348383,0.19439905,2008-11-01T22:34:49.428
3326741514115569152,100.27230394115364,9.928290508619469,15.369074,0.023985979,2008-11-01T22:34:49.428,15.244786,0.026673409,2008-11-01T22:34:49.428,15.086283,0.046949035,2008-11-01T22:34:49.428,15.182547,0.1676189,2008-11-01T22:34:49.428
3326929500535262464,100.22361998358099,9.966661268844112,16.375644,0.038696684,2008-11-01T22:34:49.428,16.363316,0.045321624,2008-11-01T22:34:49.428,16.284905,0.12018563,2008-11-01T22:34:49.428,16.542675,0.57317536,2008-11-01T22:34:49.428
3326929363096305408,100.26366685525856,9.965250519422682,15.773134,0.029018795,2008-11-01T22:34:49.428,15.77677,0.034259902,2008-11-01T22:34:49.428,15.654858,0.072186326,2008-11-01T22:34:49.428,15.864143,0.30933656,2008-11-01T22:34:49.428
3326929118281225856,100.2110559364595,9.952718710684781,18.237645,0.10071376,2008-11-01T22:34:49.428,17.778166,0.092157021,2008-11-01T22:34:49.428,17.359105,0.30306724,2008-11-01T22:34:49.428,16.590476,0.59872891,2008-11-01T22:34:49.428
3326929122576825088,100.20995492641367,9.949982274767327,20.785117,0.57038575,2008-11-01T22:34:49.428,20.586236,0.56709842,2008-11-01T22:34:49.428,18.088254,0.58126269,2008-11-01T22:34:49.428,16.728958,0.67943646,2008-11-01T22:34:49.428
3326928813339187584,100.21341894556994,9.923145486424428,17.75416,0.077371242,2008-11-01T22:34:49.428,17.655344,0.086384205,2008-11-01T22:34:49.428,16.949847,0.21173101,2008-11-01T22:34:49.428,16.121539,0.3906445,2008-11-01T22:34:49.428
3326929118281225600,100.20889551709509,9.951086930028941,16.426387,0.039657142,2008-11-01T22:34:49.428,16.393315,0.045981676,2008-11-01T22:34:49.428,16.344863,0.12635075,2008-11-01T22:34:49.428,16.33344,0.47366324,2008-11-01T22:34:49.428
3326741067438968832,100.24528038503105,9.905992332500713,17.995869,0.088108905,2008-11-01T22:34:49.428,17.778139,0.092155697,2008-11-01T22:34:49.428,17.305763,0.28912848,2008-11-01T22:34:49.428,17.474525,1.344731,2008-11-01T22:34:49.428
3326741514109999232,100.2778868536008,9.936430675515222,17.798633,0.079223365,2008-11-01T22:34:49.428,18.063709,0.10746496,2008-11-01T22:34:49.428,17.795969,0.44703938,2008-11-01T22:34:49.428,16.83924,0.75149181,2008-11-01T22:34:49.428
3326928809043590656,100.2102784335171,9.925212036681188,18.02838,0.089686934,2008-11-01T22:34:49.428,17.883638,0.097484785,2008-11-01T22:34:49.428,16.989962,0.21924369,2008-11-01T22:34:49.428,15.579226,0.23918285,2008-11-01T22:34:49.428
3326741067438968704,100.23749210352653,9.905562869742411,17.188878,0.057764281,2008-11-01T22:34:49.428,17.131584,0.066069877,2008-11-01T22:34:49.428,17.126372,0.24696339,2008-11-01T22:34:49.428,17.352237,1.2020735,2008-11-01T22:34:49.428
3326929118281225216,100.20677651450187,9.948085891926022,16.49937,0.041084269,2008-11-01T22:34:49.428,16.546984,0.049530472,2008-11-01T22:34:49.428,16.296144,0.12131565,2008-11-01T22:34:49.428,15.908029,0.3218731,2008-11-01T22:34:49.428
3326928705964382848,100.21596447283598,9.915755822145897,17.746988,0.077077443,2008-11-01T22:34:49.428,17.706281,0.088724621,2008-11-01T22:34:49.428,17.625845,0.3840152,2008-11-01T22:34:49.428,21.243918,43.119205,2008-11-01T22:34:49.428
3326741071727347200,100.24459515608005,9.904482936093396,17.345795,0.06255718,2008-11-01T22:34:49.428,17.493045,0.079398008,2008-11-01T22:34:49.428,16.997171,0.22062327,2008-11-01T22:34:49.428,17.16268,1.0103815,2008-11-01T22:34:49.428
3326929393158941056,100.2664048124105,9.969277205856244,15.493355,0.025428979,2008-11-01T22:34:49.428,15.54732,0.030744174,2008-11-01T22:34:49.428,15.482281,0.063142556,2008-11-01T22:34:49.428,15.526716,0.22814423,2008-11-01T22:34:49.428
3326740899928650240,100.26378062888875,9.909933933506236,19.864682,0.28277843,2008-11-01T22:34:49.428,19.652829,0.28461639,2008-11-01T22:34:49.428,18.341448,0.73060728,2008-11-01T22:34:49.428,17.749838,1.7312649,2008-11-01T22:34:49.428
3326741071729412992,100.23542493104416,9.902870804053915,13.912892,0.01217744,2008-11-01T22:34:49.428,13.848329,0.013935147,2008-11-01T22:34:49.428,13.833832,0.020458943,2008-11-01T22:34:49.428,13.898189,0.05492452,2008-11-01T22:34:49.428
3326741277887838080,100.26902083835681,9.912165159973584,11.45182,0.0039113541,2008-11-01T22:34:49.428,11.048906,0.0038306735,2008-11-01T22:34:49.428,10.738429,0.0041519572,2008-11-01T22:34:49.428,10.529446,0.0054368243,2008-11-01T22:34:49.428
3326740865568916224,100.24897185224704,9.902530889247958,15.63364,0.027166982,2008-11-01T22:34:49.428,15.466124,0.029592072,2008-11-01T22:34:49.428,15.268127,0.053688791,2008-11-01T22:34:49.428,14.495846,0.091513947,2008-11-01T22:34:49.428
3326740861280539136,100.24892344636848,9.901715333522224,15.548603,0.026099181,2008-11-01T22:34:49.428,15.394006,0.028606395,2008-11-01T22:34:49.428,15.258532,0.053305696,2008-11-01T22:34:49.428,14.620191,0.10198768,2008-11-01T22:34:49.428
3326928705964373888,100.21078701674088,9.91590434158987,14.355522,0.014950284,2008-11-01T22:34:49.428,14.205714,0.016443299,2008-11-01T22:34:49.428,14.062139,0.023524067,2008-11-01T22:34:49.428,13.778016,0.049688641,2008-11-01T22:34:49.428
3326740865570981632,100.24555723142001,9.900196111049441,13.832737,0.011733959,2008-11-01T22:34:49.428,13.684192,0.012916352,2008-11-01T22:34:49.428,13.509569,0.016913137,2008-11-01T22:34:49.428,13.670939,0.04548256,2008-11-01T22:34:49.428
3326740865570980864,100.25179953697004,9.900954364539656,15.863969,0.030295605,2008-11-01T22:34:49.428,15.844885,0.035382857,2008-11-01T22:34:49.428,15.931307,0.089937271,2008-11-01T22:34:49.428,16.262859,0.44419353,2008-11-01T22:34:49.428
3326928710259976064,100.20756023015842,9.91880783311843,17.554647,0.069670653,2008-11-01T22:34:49.428,17.543192,0.081483249,2008-11-01T22:34:49.428,17.096214,0.24053256,2008-11-01T22:34:49.428,16.407832,0.50686905,2008-11-01T22:34:49.428
3326741067438961664,100.24171510414945,9.899755973530278,15.293646,0.023151865,2008-11-01T22:34:49.428,15.659532,0.032413827,2008-11-01T22:34:49.428,15.579141,0.068046189,2008-11-01T22:34:49.428,16.306696,0.46227064,2008-11-01T22:34:49.428
3326929118281227008,100.20503655376544,9.96072779403371,16.229701,0.036071833,2008-11-01T22:34:49.428,16.177988,0.041463553,2008-11-01T22:34:49.428,16.186893,0.11080564,2008-11-01T22:34:49.428,16.194045,0.41724776,2008-11-01T22:34:49.428
3326741307952612096,100.27969870887797,9.919139509605177,15.977245,0.031971533,2008-11-01T22:34:49.428,15.851881,0.035500375,2008-11-01T22:34:49.428,15.830649,0.082956671,2008-11-01T22:34:49.428,16.053125,0.36712,2008-11-01T22:34:49.428
3326741033074751104,100.21286265605978,9.90937458122472,16.090573,0.033747005,2008-11-01T22:34:49.428,16.006059,0.038197486,2008-11-01T22:34:49.428,16.028306,0.097293213,2008-11-01T22:34:49.428,15.906265,0.32135939,2008-11-01T22:34:49.428
3326929191297618944,100.20430723510741,9.962517112553323,15.146801,0.021612934,2008-11-01T22:34:49.428,15.128881,0.025265339,2008-11-01T22:34:49.428,15.029049,0.045039677,2008-11-01T22:34:49.428,15.014194,0.14430578,2008-11-01T22:34:49.428
3326741037367624704,100.21223832461915,9.909132488944886,16.070749,0.033429014,2008-11-01T22:34:49.428,15.987555,0.03786264,2008-11-01T22:34:49.428,15.974253,0.093114487,2008-11-01T22:34:49.428,16.110055,0.38659131,2008-11-01T22:34:49.428
3326740964359745920,100.23293727495161,9.898146737004609,16.052121,0.033133107,2008-11-01T22:34:49.428,15.997681,0.038045494,2008-11-01T22:34:49.428,15.912278,0.088568505,2008-11-01T22:34:49.428,15.550823,0.23314576,2008-11-01T22:34:49.428
3326928774683852544,100.20044248118903,9.926890109163349,16.828359,0.048256071,2008-11-01T22:34:49.428,16.508657,0.048618291,2008-11-01T22:34:49.428,16.07618,0.10116926,2008-11-01T22:34:49.428,15.345517,0.1939006,2008-11-01T22:34:49.428
3326741617188918912,100.28719970099375,9.946547962369538,17.709812,0.075575569,2008-11-01T22:34:49.428,17.580256,0.083065825,2008-11-01T22:34:49.428,17.673655,0.40074207,2008-11-01T22:34:49.428,17.045744,0.9077751,2008-11-01T22:34:49.428
3326740968649524480,100.23589927140236,9.896372712790065,17.619325,0.072063141,2008-11-01T22:34:49.428,17.429828,0.076857456,2008-11-01T22:34:49.428,16.499343,0.14388051,2008-11-01T22:34:49.428,16.699198,0.66121381,2008-11-01T22:34:49.428
3326740865570982400,100.24441664679023,9.895739133621289,9.0969781,0.0013220703,2008-11-01T22:34:49.428,9.0856644,0.0015508194,2008-11-01T22:34:49.428,9.2766161,0.0020983672,2008-11-01T22:34:49.428,9.7363463,0.0036046529,2008-11-01T22:34:49.428
3326929122577493376,100.19861299612506,9.954411858589069,16.993536,0.052373611,2008-11-01T22:34:49.428,16.799118,0.056020184,2008-11-01T22:34:49.428,16.681374,0.16798011,2008-11-01T22:34:49.428,16.195963,0.41797589,2008-11-01T22:34:49.428
3326929118281226112,100.19865900727496,9.955050401737587,16.963095,0.051586002,2008-11-01T22:34:49.428,16.766249,0.055123274,2008-11-01T22:34:49.428,16.368873,0.12891561,2008-11-01T22:34:49.428,15.616801,0.24741578,2008-11-01T22:34:49.428
3326740865571935232,100.2439561577091,9.895048580898544,9.1240957,0.001338685,2008-11-01T22:34:49.428,9.1251073,0.0015792477,2008-11-01T22:34:49.428,9.4077431,0.002229921,2008-11-01T22:34:49.428,10.044998,0.0042155858,2008-11-01T22:34:49.428
3326740865568917120,100.25327789656764,9.89617962136054,15.364243,0.023931626,2008-11-01T22:34:49.428,15.309413,0.027493435,2008-11-01T22:34:49.428,15.005554,0.044282903,2008-11-01T22:34:49.428,15.469134,0.2166371,2008-11-01T22:34:49.428
3326741415326788480,100.28891847525382,9.935566482336423,13.135949,0.0085033383,2008-11-01T22:34:49.428,13.248616,0.010561665,2008-11-01T22:34:49.428,12.748105,0.011149137,2008-11-01T22:34:49.428,12.387732,0.016998106,2008-11-01T22:34:49.428
3326740968648147456,100.22842209773943,9.896576282951061,17.925312,0.084798396,2008-11-01T22:34:49.428,17.558968,0.082152501,2008-11-01T22:34:49.428,16.887323,0.20055938,2008-11-01T22:34:49.428,17.548401,1.4390279,2008-11-01T22:34:49.428
3326740899930718336,100.26194840195113,9.897964476102523,16.353784,0.038290738,2008-11-01T22:34:49.428,16.269236,0.043317021,2008-11-01T22:34:49.428,16.278386,0.11953535,2008-11-01T22:34:49.428,16.351866,0.48167728,2008-11-01T22:34:49.428
3326741209168361856,100.27367945527025,9.905179863256437,15.409414,0.024444791,2008-11-01T22:34:49.428,15.388213,0.028528705,2008-11-01T22:34:49.428,15.33989,0.056659342,2008-11-01T22:34:49.428,15.501642,0.22305847,2008-11-01T22:34:49.428
3326741037369677312,100.20970244731372,9.904389803917477,15.564406,0.026294247,2008-11-01T22:34:49.428,15.442526,0.029265721,2008-11-01T22:34:49.428,15.375721,0.058214484,2008-11-01T22:34:49.428,15.152762,0.1632271,2008-11-01T22:34:49.428
3326929191297620224,100.1964291440951,9.961851532063253,14.971206,0.019910149,2008-11-01T22:34:49.428,14.973548,0.023497255,2008-11-01T22:34:49.428,14.906221,0.041247672,2008-11-01T22:34:49.428,15.100239,0.15576998,2008-11-01T22:34:49.428
3326929569253420928,100.20053060101209,9.969169253283669,19.270104,0.18811764,2008-11-01T22:34:49.428,19.372182,0.23545334,2008-11-01T22:34:49.428,18.221043,0.65524265,2008-11-01T22:34:49.428,17.164697,1.01225,2008-11-01T22:34:49.428
3326741209168361600,100.27677493750595,9.903128600540747,15.763393,0.028885264,2008-11-01T22:34:49.428,15.700957,0.03305392,2008-11-01T22:34:49.428,15.663021,0.072649713,2008-11-01T22:34:49.428,15.646958,0.25423281,2008-11-01T22:34:49.428
3326741209166292608,100.27673309062747,9.902908303707749,15.763216,0.028882852,2008-11-01T22:34:49.428,15.700493,0.033046672,2008-11-01T22:34:49.428,15.662393,0.072613926,2008-11-01T22:34:49.428,15.65414,0.25588432,2008-11-01T22:34:49.428
3326928985137880320,100.19147741255301,9.935548314384025,18.76621,0.137014,2008-11-01T22:34:49.428,18.769216,0.16097926,2008-11-01T22:34:49.428,17.589688,0.37184506,2008-11-01T22:34:49.428,16.510979,0.55684128,2008-11-01T22:34:49.428
3326740796851503872,100.26210458466758,9.893347232097998,16.559055,0.042293037,2008-11-01T22:34:49.428,16.512526,0.048709556,2008-11-01T22:34:49.428,16.35655,0.12759217,2008-11-01T22:34:49.428,16.387564,0.49759574,2008-11-01T22:34:49.428
3326928778980764032,100.19558066514139,9.917672878661325,15.698851,0.02801674,2008-11-01T22:34:49.428,15.628994,0.031950261,2008-11-01T22:34:49.428,15.619285,0.070206256,2008-11-01T22:34:49.428,15.969907,0.34043249,2008-11-01T22:34:49.428
3326740964355273216,100.22667256064989,9.89139465009798,18.237911,0.10072876,2008-11-01T22:34:49.428,18.242721,0.11864526,2008-11-01T22:34:49.428,18.38948,0.76308137,2008-11-01T22:34:49.428,17.797419,1.8085774,2008-11-01T22:34:49.428
3326740831211240960,100.27136383417513,9.896689217618034,14.612575,0.016846588,2008-11-01T22:34:49.428,14.080676,0.015517656,2008-11-01T22:34:49.428,13.509377,0.016911275,2008-11-01T22:34:49.428,12.653885,0.02057811,2008-11-01T22:34:49.428
3326740831209175296,100.27136428191292,9.896275530729406,14.612606,0.016846828,2008-11-01T22:34:49.428,14.081877,0.015526293,2008-11-01T22:34:49.428,13.535211,0.017164182,2008-11-01T22:34:49.428,12.663289,0.020720337,2008-11-01T22:34:49.428
3326741209166285184,100.2840387326474,9.904329789015879,17.534103,0.068930393,2008-11-01T22:34:49.428,17.352473,0.073876202,2008-11-01T22:34:49.428,17.646105,0.39101344,2008-11-01T22:34:49.428,20.415262,20.103502,2008-11-01T22:34:49.428
3326740998714965248,100.20462131328668,9.900848664108638,16.773182,0.046962297,2008-11-01T22:34:49.428,16.680244,0.052850734,2008-11-01T22:34:49.428,16.751237,0.17834992,2008-11-01T22:34:49.428,19.049817,5.719953,2008-11-01T22:34:49.428
3326741655844953984,100.29459723926624,9.961768511281361,15.63942,0.027241209,2008-11-01T22:34:49.428,15.264707,0.026923445,2008-11-01T22:34:49.428,14.776947,0.037665539,2008-11-01T22:34:49.428,14.061824,0.063043573,2008-11-01T22:34:49.428
3326740758201316608,100.24672417757748,9.885498483918402,14.992862,0.02011247,2008-11-01T22:34:49.428,14.968637,0.023443474,2008-11-01T22:34:49.428,15.036348,0.04527795,2008-11-01T22:34:49.428,15.284884,0.18365934,2008-11-01T22:34:49.428
3326740762491769088,100.24704663408741,9.885497288435738,14.993687,0.020120215,2008-11-01T22:34:49.428,14.970211,0.023460691,2008-11-01T22:34:49.428,15.034903,0.045230662,2008-11-01T22:34:49.428,15.312946,0.18832828,2008-11-01T22:34:49.428
3326740723837104000,100.22868488395109,9.886768827245103,15.372574,0.024025432,2008-11-01T22:34:49.428,14.830792,0.021984246,2008-11-01T22:34:49.428,14.533192,0.03188892,2008-11-01T22:34:49.428,13.873532,0.053802936,2008-11-01T22:34:49.428
3326928980842270848,100.18630219066267,9.931668600088251,17.463307,0.066449193,2008-11-01T22:34:49.428,17.4032,0.075815759,2008-11-01T22:34:49.428,17.206857,0.26502418,2008-11-01T22:34:49.428,16.494045,0.54830815,2008-11-01T22:34:49.428
3326740826920796160,100.27710973472794,9.895904556209501,17.062554,0.054210153,2008-11-01T22:34:49.428,17.026106,0.062677093,2008-11-01T22:34:49.428,17.162745,0.25496029,2008-11-01T22:34:49.428,18.438016,3.2582749,2008-11-01T22:34:49.428
3326928774690252160,100.18848623499562,9.921680920877566,18.299962,0.10431466,2008-11-01T22:34:49.428,18.273632,0.12071759,2008-11-01T22:34:49.428,16.912607,0.20500013,2008-11-01T22:34:49.428,15.470268,0.21685781,2008-11-01T22:34:49.428
3326741445390230784,100.29988702826928,9.948882536641548,17.799354,0.079253833,2008-11-01T22:34:49.428,17.790606,0.092766973,2008-11-01T22:34:49.428,17.623158,0.38309678,2008-11-01T22:34:49.428,17.704602,1.6608399,2008-11-01T22:34:49.428
3326740934288416768,100.21375832361568,9.891291269749996,17.888318,0.08312285,2008-11-01T22:34:49.428,17.812665,0.09386039,2008-11-01T22:34:49.428,17.450715,0.32866033,2008-11-01T22:34:49.428,16.631321,0.62147278,2008-11-01T22:34:49.428
3326740934288416896,100.21419864917645,9.890061092850072,17.098924,0.055207219,2008-11-01T22:34:49.428,17.041393,0.063156369,2008-11-01T22:34:49.428,16.703549,0.1711999,2008-11-01T22:34:49.428,15.972323,0.34117893,2008-11-01T22:34:49.428
3326928985137886464,100.18462504358442,9.93041145370274,20.444343,0.43583544,2008-11-01T22:34:49.428,19.788538,0.31288276,2008-11-01T22:34:49.428,21.174394,9.7674493,2008-11-01T22:34:49.428,19.850281,11.949795,2008-11-01T22:34:49.428
3326928675901550208,100.19474456431692,9.906929679526838,14.835422,0.018688243,2008-11-01T22:34:49.428,14.810784,0.02178031,2008-11-01T22:34:49.428,14.752501,0.037031367,2008-11-01T22:34:49.428,14.754811,0.11476012,2008-11-01T22:34:49.428
3326928675900247296,100.19464518055638,9.90670672413445,14.833898,0.018674971,2008-11-01T22:34:49.428,14.80933,0.021765558,2008-11-01T22:34:49.428,14.731287,0.036491546,2008-11-01T22:34:49.428,14.669252,0.10646058,2008-11-01T22:34:49.428
3326740796851503744,100.2686038655696,9.888416881619435,15.487507,0.025359104,2008-11-01T22:34:49.428,15.239401,0.026606225,2008-11-01T22:34:49.428,14.877139,0.040407002,2008-11-01T22:34:49.428,13.685618,0.04603523,2008-11-01T22:34:49.428
3326929156936569728,100.18397820006271,9.95186777143042,19.204527,0.18025692,2008-11-01T22:34:49.428,19.339283,0.23040186,2008-11-01T22:34:49.428,18.217256,0.65300487,2008-11-01T22:34:49.428,17.935217,2.0525759,2008-11-01T22:34:49.428
3326929191297621120,100.18688334225786,9.962271685585227,15.003831,0.020215751,2008-11-01T22:34:49.428,15.019815,0.024010188,2008-11-01T22:34:49.428,15.012453,0.044503534,2008-11-01T22:34:49.428,15.354908,0.19553861,2008-11-01T22:34:49.428
3326929942914948608,100.18932071944973,9.967797198718934,18.537734,0.11960555,2008-11-01T22:34:49.428,18.512433,0.13833022,2008-11-01T22:34:49.428,17.980608,0.52758526,2008-11-01T22:34:49.428,16.707631,0.66632643,2008-11-01T22:34:49.428
3326929942914963072,100.19038164010468,9.969860596900203,19.615664,0.2373199,2008-11-01T22:34:49.428,19.601627,0.27476741,2008-11-01T22:34:49.428,18.767169,1.075274,2008-11-01T22:34:49.428,17.060639,0.92023895,2008-11-01T22:34:49.428
3326740693770240640,100.24448923190374,9.881522026666715,17.756257,0.077457386,2008-11-01T22:34:49.428,17.651666,0.086218057,2008-11-01T22:34:49.428,17.284284,0.28370587,2008-11-01T22:34:49.428,18.096858,2.3811951,2008-11-01T22:34:49.428
3326928740324113152,100.18484631773433,9.922021878115366,15.552967,0.026152901,2008-11-01T22:34:49.428,15.472603,0.029682328,2008-11-01T22:34:49.428,15.397177,0.05916962,2008-11-01T22:34:49.428,15.243224,0.17694668,2008-11-01T22:34:49.428
3326741003009940096,100.19920456737515,9.89868818104123,14.244398,0.01419907,2008-11-01T22:34:49.428,14.156565,0.016072964,2008-11-01T22:34:49.428,14.133404,0.024596802,2008-11-01T22:34:49.428,14.36942,0.082022523,2008-11-01T22:34:49.428
3326740796851503360,100.27170916449103,9.887689129493785,15.228546,0.02245611,2008-11-01T22:34:49.428,15.21459,0.026298957,2008-11-01T22:34:49.428,15.208252,0.051350037,2008-11-01T22:34:49.428,15.464594,0.21575556,2008-11-01T22:34:49.428
3326928985138086144,100.181473216887,9.929728455496026,19.365794,0.20036692,2008-11-01T22:34:49.428,19.214094,0.21236795,2008-11-01T22:34:49.428,18.680767,0.99399353,2008-11-01T22:34:49.428,17.447405,1.3116929,2008-11-01T22:34:49.428
3326740693770239488,100.25085377356393,9.880048966552303,17.216219,0.058568132,2008-11-01T22:34:49.428,17.099534,0.065017451,2008-11-01T22:34:49.428,16.993882,0.21999283,2008-11-01T22:34:49.428,16.694871,0.65860544,2008-11-01T22:34:49.428
3326740934290462976,100.22092326805554,9.883164679788509,16.13241,0.03442877,2008-11-01T22:34:49.428,16.071539,0.03940788,2008-11-01T22:34:49.428,16.100231,0.10318095,2008-11-01T22:34:49.428,16.892249,0.78881941,2008-11-01T22:34:49.428
3326740448959197952,100.28603839199535,9.896278693342476,18.424427,0.11199508,2008-11-01T22:34:49.428,18.307423,0.12303422,2008-11-01T22:34:49.428,18.110812,0.5932012,2008-11-01T22:34:49.428,17.596899,1.504513,2008-11-01T22:34:49.428
3326928740324101760,100.18305708728903,9.921363643277353,16.023071,0.032677202,2008-11-01T22:34:49.428,15.964413,0.037448243,2008-11-01T22:34:49.428,15.92565,0.089527884,2008-11-01T22:34:49.428,16.510736,0.55671796,2008-11-01T22:34:49.428
3326740792561056128,100.25860121608272,9.880778295556656,13.497723,0.010049928,2008-11-01T22:34:49.428,13.303621,0.010833384,2008-11-01T22:34:49.428,13.221543,0.01438223,2008-11-01T22:34:49.428,13.433909,0.037506682,2008-11-01T22:34:49.428
3326928744619723392,100.18398129332942,9.917856700827617,19.827054,0.2752728,2008-11-01T22:34:49.428,19.818048,0.31947399,2008-11-01T22:34:49.428,19.250732,1.671436,2008-11-01T22:34:49.428,17.280231,1.1252896,2008-11-01T22:34:49.428
3326740998714107008,100.2064027572669,9.889708753807204,14.504145,0.016018517,2008-11-01T22:34:49.428,14.46786,0.018569796,2008-11-01T22:34:49.428,14.422489,0.029627859,2008-11-01T22:34:49.428,14.402479,0.084399116,2008-11-01T22:34:49.428
3326741003009940608,100.20038989672025,9.894252122224136,16.240749,0.036263658,2008-11-01T22:34:49.428,16.212933,0.04216313,2008-11-01T22:34:49.428,16.149125,0.10740876,2008-11-01T22:34:49.428,16.800761,0.72551545,2008-11-01T22:34:49.428
3326740693772848896,100.25781768228232,9.879997034650046,13.23021,0.0088816138,2008-11-01T22:34:49.428,12.973109,0.0093003222,2008-11-01T22:34:49.428,12.8979,0.012067548,2008-11-01T22:34:49.428,13.023116,0.027148116,2008-11-01T22:34:49.428
3326741239231756416,100.30176759220605,9.916685053207727,17.282775,0.060579231,2008-11-01T22:34:49.428,17.205501,0.0685719,2008-11-01T22:34:49.428,17.221246,0.26839616,2008-11-01T22:34:49.428,16.861655,0.7670539,2008-11-01T22:34:49.428
3326929049563590144,100.17828427500783,9.940468031724876,18.659617,0.12852435,2008-11-01T22:34:49.428,18.581418,0.14400213,2008-11-01T22:34:49.428,18.978048,1.3030519,2008-11-01T22:34:49.428,20.232637,16.99195,2008-11-01T22:34:49.428
3326740453254679808,100.29555306629986,9.90464274068348,16.98556,0.05216594,2008-11-01T22:34:49.428,16.980428,0.06126924,2008-11-01T22:34:49.428,17.492109,0.34095107,2008-11-01T22:34:49.428,16.960499,0.83964151,2008-11-01T22:34:49.428
3326928950779456640,100.18038462003771,9.922083358688333,18.08256,0.092393937,2008-11-01T22:34:49.428,18.005683,0.10411938,2008-11-01T22:34:49.428,17.856158,0.47180791,2008-11-01T22:34:49.428,16.822249,0.73990781,2008-11-01T22:34:49.428
3326740689477364736,100.24225480416695,9.876509577848621,17.5146,0.068236181,2008-11-01T22:34:49.428,17.46297,0.078177358,2008-11-01T22:34:49.428,17.071034,0.23529802,2008-11-01T22:34:49.428,16.483075,0.54285107,2008-11-01T22:34:49.428
3326741342310109056,100.30753404165947,9.9288455980126,14.535255,0.016251771,2008-11-01T22:34:49.428,14.485707,0.018724341,2008-11-01T22:34:49.428,14.509904,0.031396015,2008-11-01T22:34:49.428,14.564074,0.097112594,2008-11-01T22:34:49.428
3326741346606643840,100.30491355300775,9.919068046431455,14.761026,0.018051596,2008-11-01T22:34:49.428,14.731394,0.020989944,2008-11-01T22:34:49.428,14.648869,0.034483574,2008-11-01T22:34:49.428,14.820056,0.12154247,2008-11-01T22:34:49.428
3326741346607877248,100.30524786044126,9.919059588165275,14.761578,0.018056238,2008-11-01T22:34:49.428,14.733095,0.021006565,2008-11-01T22:34:49.428,14.658844,0.034719265,2008-11-01T22:34:49.428,14.832815,0.12291702,2008-11-01T22:34:49.428
3326740689477364864,100.24258044319431,9.875220963059704,17.697465,0.075084521,2008-11-01T22:34:49.428,17.282574,0.071296802,2008-11-01T22:34:49.428,16.606994,0.15764537,2008-11-01T22:34:49.428,15.750001,0.27900634,2008-11-01T22:34:49.428
3326717462294181120,100.21169377496102,9.882640876249896,16.81575,0.047956973,2008-11-01T22:34:49.428,16.406451,0.046273979,2008-11-01T22:34:49.428,16.004741,0.095446229,2008-11-01T22:34:49.428,15.903863,0.32066109,2008-11-01T22:34:49.428
3326929908556996480,100.17891112087791,9.961591374664716,19.231926,0.18349064,2008-11-01T22:34:49.428,19.208058,0.21154352,2008-11-01T22:34:49.428,18.167592,0.62437193,2008-11-01T22:34:49.428,17.667636,1.6054283,2008-11-01T22:34:49.428
3326717531013658752,100.19613739775266,9.891888653145088,18.203242,0.098791305,2008-11-01T22:34:49.428,18.077635,0.10828727,2008-11-01T22:34:49.428,17.685548,0.40501827,2008-11-01T22:34:49.428,16.650166,0.63225811,2008-11-01T22:34:49.428
3326929908556718208,100.17892679854113,9.965608407035512,17.107114,0.055434621,2008-11-01T22:34:49.428,17.07517,0.064230102,2008-11-01T22:34:49.428,16.835115,0.19170981,2008-11-01T22:34:49.428,16.465601,0.5342711,2008-11-01T22:34:49.428
3326928946483975424,100.17692258068632,9.921456382285458,17.424264,0.065125619,2008-11-01T22:34:49.428,17.379526,0.074903321,2008-11-01T22:34:49.428,17.56569,0.36398812,2008-11-01T22:34:49.428,18.562126,3.6521856,2008-11-01T22:34:49.428
3326929942916498560,100.18154150474868,9.972101715060584,17.176928,0.057416917,2008-11-01T22:34:49.428,17.196039,0.068245669,2008-11-01T22:34:49.428,17.179688,0.2587776,2008-11-01T22:34:49.428,17.42237,1.2819186,2008-11-01T22:34:49.428
3326717535307959168,100.19253097366365,9.893530018110816,19.086194,0.1670796,2008-11-01T22:34:49.428,18.863933,0.1704901,2008-11-01T22:34:49.428,18.576554,0.90418493,2008-11-01T22:34:49.428,17.149776,0.99850931,2008-11-01T22:34:49.428
3326740040937260160,100.27420875228687,9.879933057158052,15.722757,0.028335194,2008-11-01T22:34:49.428,15.709772,0.033191821,2008-11-01T22:34:49.428,15.647212,0.071755428,2008-11-01T22:34:49.428,15.571014,0.23742113,2008-11-01T22:34:49.428
3326928946484374656,100.17433312192519,9.925823734840767,14.981845,0.020009275,2008-11-01T22:34:49.428,14.904348,0.022750959,2008-11-01T22:34:49.428,14.837104,0.039283397,2008-11-01T22:34:49.428,15.076879,0.15256742,2008-11-01T22:34:49.428
3326740487611773056,100.30353711966286,9.906421987445873,19.645752,0.24231438,2008-11-01T22:34:49.428,19.554176,0.26601054,2008-11-01T22:34:49.428,19.534579,2.167022,2008-11-01T22:34:49.428,17.732554,1.7040098,2008-11-01T22:34:49.428
3326905203903327488,100.18416493750864,9.90233703353168,18.729744,0.13403294,2008-11-01T22:34:49.428,18.644521,0.14944601,2008-11-01T22:34:49.428,18.248932,0.67196313,2008-11-01T22:34:49.428,18.535836,3.5649453,2008-11-01T22:34:49.428
3326739937858048384,100.26019598682869,9.873580473731746,16.902947,0.050068668,2008-11-01T22:34:49.428,16.882617,0.058372416,2008-11-01T22:34:49.428,17.082629,0.23769356,2008-11-01T22:34:49.428,17.248535,1.0930714,2008-11-01T22:34:49.428
3326717462294180736,100.2091018497088,9.879708888729075,17.494074,0.067514408,2008-11-01T22:34:49.428,17.390748,0.075334239,2008-11-01T22:34:49.428,17.690939,0.40697252,2008-11-01T22:34:49.428,21.09954,37.750904,2008-11-01T22:34:49.428
3326717462294180992,100.20566889754093,9.881641004642066,14.26919,0.014363284,2008-11-01T22:34:49.428,13.576927,0.012291467,2008-11-01T22:34:49.428,12.993865,0.012703579,2008-11-01T22:34:49.428,12.212683,0.015051307,2008-11-01T22:34:49.428
3326740693772293248,100.25013623987535,9.871621692948239,13.805134,0.011585041,2008-11-01T22:34:49.428,13.675494,0.012864512,2008-11-01T22:34:49.428,13.6812,0.01868506,2008-11-01T22:34:49.428,13.683969,0.045972779,2008-11-01T22:34:49.428
3326717462294228224,100.21192941121072,9.877712860191687,17.554434,0.069662942,2008-11-01T22:34:49.428,17.415103,0.076279373,2008-11-01T22:34:49.428,16.724148,0.17424996,2008-11-01T22:34:49.428,15.475093,0.2177999,2008-11-01T22:34:49.428
3326717260430728832,100.21750927599408,9.875294149694044,16.303822,0.037380075,2008-11-01T22:34:49.428,16.252255,0.042965473,2008-11-01T22:34:49.428,16.192841,0.11135136,2008-11-01T22:34:49.428,16.001169,0.35021888,2008-11-01T22:34:49.428
3326929049563235840,100.17210106725094,9.952096829095652,18.137413,0.095236804,2008-11-01T22:34:49.428,18.04632,0.10644885,2008-11-01T22:34:49.428,17.33407,0.29644016,2008-11-01T22:34:49.428,16.421211,0.51308631,2008-11-01T22:34:49.428
3326740693773246848,100.25107857116807,9.870822055328754,15.136447,0.02150849,2008-11-01T22:34:49.428,14.944563,0.023181656,2008-11-01T22:34:49.428,14.62346,0.033892011,2008-11-01T22:34:49.428,14.162426,0.06867279,2008-11-01T22:34:49.428
3326928946488943744,100.17158192371785,9.932550124085214,18.466626,0.11475713,2008-11-01T22:34:49.428,18.4913,0.13664846,2008-11-01T22:34:49.428,18.013387,0.54337102,2008-11-01T22:34:49.428,18.137001,2.4706746,2008-11-01T22:34:49.428
3326929049563522944,100.17138006585128,9.947998038306231,18.356552,0.10772315,2008-11-01T22:34:49.428,18.251883,0.11925492,2008-11-01T22:34:49.428,18.519748,0.85874031,2008-11-01T22:34:49.428,18.814099,4.6047569,2008-11-01T22:34:49.428
3326740728132033024,100.23063848962141,9.871067510776344,16.786531,0.047271731,2008-11-01T22:34:49.428,16.677453,0.052778732,2008-11-01T22:34:49.428,16.552133,0.15046129,2008-11-01T22:34:49.428,15.53911,0.23070177,2008-11-01T22:34:49.428
3326740659410510976,100.23174556326961,9.870123022914697,17.694779,0.074978177,2008-11-01T22:34:49.428,17.540249,0.081359118,2008-11-01T22:34:49.428,16.393921,0.13165196,2008-11-01T22:34:49.428,14.710711,0.11040078,2008-11-01T22:34:49.428
3326740453254116864,100.29772557001323,9.894042513145147,14.626075,0.01695269,2008-11-01T22:34:49.428,14.445221,0.018375623,2008-11-01T22:34:49.428,14.38208,0.028852267,2008-11-01T22:34:49.428,14.527465,0.094065009,2008-11-01T22:34:49.428
3326740075296996736,100.28688643360738,9.883633779157774,16.104564,0.033973389,2008-11-01T22:34:49.428,15.713519,0.033250625,2008-11-01T22:34:49.428,15.296919,0.054858073,2008-11-01T22:34:49.428,14.47412,0.089803546,2008-11-01T22:34:49.428
3326740075296996608,100.28833035092143,9.883730933731222,16.374122,0.03866827,2008-11-01T22:34:49.428,16.358343,0.045213185,2008-11-01T22:34:49.428,16.258557,0.11758122,2008-11-01T22:34:49.428,16.207403,0.42234573,2008-11-01T22:34:49.428
3326739937858049024,100.25336234192109,9.868749479356833,15.870237,0.030385872,2008-11-01T22:34:49.428,15.485898,0.029868439,2008-11-01T22:34:49.428,15.036222,0.045273824,2008-11-01T22:34:49.428,14.238401,0.073281175,2008-11-01T22:34:49.428
3326929809772913792,100.16947146054146,9.951331444985861,16.823719,0.048145772,2008-11-01T22:34:49.428,16.739141,0.054395557,2008-11-01T22:34:49.428,16.711187,0.1723242,2008-11-01T22:34:49.428,16.283188,0.45248569,2008-11-01T22:34:49.428
3326741376671105664,100.3161627949209,9.931771501663741,17.27375,0.0603019,2008-11-01T22:34:49.428,17.208368,0.068671088,2008-11-01T22:34:49.428,17.222699,0.26873928,2008-11-01T22:34:49.428,16.74143,0.68722303,2008-11-01T22:34:49.428
3326929805477479040,100.16887498807452,9.95081699225131,16.80138,0.04761859,2008-11-01T22:34:49.428,16.733543,0.054246602,2008-11-01T22:34:49.428,16.569216,0.15265978,2008-11-01T22:34:49.428,16.047062,0.36510571,2008-11-01T22:34:49.428
3326740448959150080,100.29521914219255,9.888382124256173,16.288946,0.037113459,2008-11-01T22:34:49.428,16.153312,0.040977047,2008-11-01T22:34:49.428,16.10829,0.10386495,2008-11-01T22:34:49.428,16.547469,0.57568813,2008-11-01T22:34:49.428
3326905203903326976,100.18431944798496,9.894263237536583,16.225087,0.035992037,2008-11-01T22:34:49.428,16.06535,0.03929174,2008-11-01T22:34:49.428,15.893569,0.087245513,2008-11-01T22:34:49.428,15.359741,0.19638713,2008-11-01T22:34:49.428
3326905203903327104,100.18172996618495,9.897049933544524,16.447379,0.040062011,2008-11-01T22:34:49.428,16.312271,0.044221864,2008-11-01T22:34:49.428,16.341802,0.12602776,2008-11-01T22:34:49.428,16.423065,0.51395389,2008-11-01T22:34:49.428
3326717466589160832,100.20868439442012,9.874294712718456,16.1931,0.035444048,2008-11-01T22:34:49.428,16.077108,0.039512679,2008-11-01T22:34:49.428,15.948421,0.091188617,2008-11-01T22:34:49.428,15.556026,0.23423984,2008-11-01T22:34:49.428
3326717260430729984,100.21700372859661,9.870488586872698,15.933528,0.031313392,2008-11-01T22:34:49.428,15.940716,0.037028859,2008-11-01T22:34:49.428,16.115643,0.10449341,2008-11-01T22:34:49.428,18.836878,4.70227,2008-11-01T22:34:49.428
3326905272624530304,100.17720122754132,9.902574429607325,17.458692,0.066291129,2008-11-01T22:34:49.428,17.411815,0.076150978,2008-11-01T22:34:49.428,16.769971,0.18124524,2008-11-01T22:34:49.428,15.683276,0.26269737,2008-11-01T22:34:49.428
3326905272629208320,100.17786906160453,9.901458821417055,17.88724,0.083074614,2008-11-01T22:34:49.428,17.753749,0.090973692,2008-11-01T22:34:49.428,17.499421,0.34317107,2008-11-01T22:34:49.428,16.708424,0.66680943,2008-11-01T22:34:49.428
3326740590693067520,100.31387513779919,9.914124004883583,16.797638,0.047530909,2008-11-01T22:34:49.428,16.719183,0.053866565,2008-11-01T22:34:49.428,16.633448,0.16124065,2008-11-01T22:34:49.428,16.95732,0.83720252,2008-11-01T22:34:49.428
3326929912850811776,100.17186352770352,9.968742606951931,19.270046,0.18811048,2008-11-01T22:34:49.428,19.247754,0.21703891,2008-11-01T22:34:49.428,19.753266,2.6477044,2008-11-01T22:34:49.428,19.262907,6.959119,2008-11-01T22:34:49.428
3326739933563070720,100.26869977925669,9.870168558230278,17.892673,0.08331802,2008-11-01T22:34:49.428,17.756506,0.091106396,2008-11-01T22:34:49.428,17.517157,0.34861871,2008-11-01T22:34:49.428,16.9206,0.80954355,2008-11-01T22:34:49.428
3326717466587119232,100.20870667436256,9.873350944147653,16.678949,0.044840844,2008-11-01T22:34:49.428,16.511766,0.048691604,2008-11-01T22:34:49.428,16.527463,0.14734639,2008-11-01T22:34:49.428,16.205085,0.42145647,2008-11-01T22:34:49.428
3326740006577519360,100.29325386232225,9.883824324218267,13.694946,0.011009341,2008-11-01T22:34:49.428,13.531606,0.012036682,2008-11-01T22:34:49.428,13.529459,0.01710747,2008-11-01T22:34:49.428,13.653473,0.044834512,2008-11-01T22:34:49.428
3326717260431680896,100.21202836056844,9.871187757740804,18.330744,0.10615188,2008-11-01T22:34:49.428,18.234181,0.11808045,2008-11-01T22:34:49.428,17.671404,0.39993783,2008-11-01T22:34:49.428,15.668141,0.25913549,2008-11-01T22:34:49.428
3326717462294179840,100.20714806965773,9.873403698371227,16.877304,0.049437051,2008-11-01T22:34:49.428,16.805553,0.056197639,2008-11-01T22:34:49.428,16.883562,0.1999077,2008-11-01T22:34:49.428,16.929897,0.81645806,2008-11-01T22:34:49.428
3326717256135796096,100.21895982480022,9.868311559572179,15.208116,0.022242256,2008-11-01T22:34:49.428,15.078847,0.024681376,2008-11-01T22:34:49.428,15.026324,0.044951117,2008-11-01T22:34:49.428,15.534162,0.22967723,2008-11-01T22:34:49.428
3326739903498311424,100.24636111249234,9.864690391992907,17.324869,0.061892217,2008-11-01T22:34:49.428,17.269645,0.070831162,2008-11-01T22:34:49.428,17.225471,0.26939479,2008-11-01T22:34:49.428,16.409597,0.50768487,2008-11-01T22:34:49.428
3326929015203768960,100.16549295271949,9.931997244523831,17.738579,0.076734638,2008-11-01T22:34:49.428,17.235532,0.069619186,2008-11-01T22:34:49.428,16.948028,0.21139687,2008-11-01T22:34:49.428,16.880261,0.78021719,2008-11-01T22:34:49.428
3326739937855993984,100.26730245142984,9.86813992242335,15.71356,0.028212244,2008-11-01T22:34:49.428,15.735318,0.033594902,2008-11-01T22:34:49.428,15.833367,0.083136958,2008-11-01T22:34:49.428,15.479587,0.21868091,2008-11-01T22:34:49.428
3326905276919722496,100.17185769897097,9.908580278081454,14.735781,0.017840633,2008-11-01T22:34:49.428,14.694713,0.020634713,2008-11-01T22:34:49.428,14.609805,0.033579258,2008-11-01T22:34:49.428,14.648339,0.10452927,2008-11-01T22:34:49.428
3326740483318575616,100.30960952138523,9.901240908218837,17.252514,0.059655145,2008-11-01T22:34:49.428,16.998009,0.061806831,2008-11-01T22:34:49.428,16.922322,0.20673392,2008-11-01T22:34:49.428,16.865394,0.76968092,2008-11-01T22:34:49.428
3326742922859280768,100.31870373219864,9.960424890683642,17.308148,0.061366782,2008-11-01T22:34:49.428,17.242798,0.069875353,2008-11-01T22:34:49.428,17.125453,0.24676492,2008-11-01T22:34:49.428,17.650318,1.580112,2008-11-01T22:34:49.428
3326739899203380096,100.24928834143351,9.863562663049894,16.128326,0.034361568,2008-11-01T22:34:49.428,16.080728,0.039580974,2008-11-01T22:34:49.428,16.057129,0.099606616,2008-11-01T22:34:49.428,16.412304,0.50893872,2008-11-01T22:34:49.428
3326739937858048000,100.26739273179508,9.867190272282725,15.495101,0.025449893,2008-11-01T22:34:49.428,15.498568,0.030046945,2008-11-01T22:34:49.428,15.498563,0.063937481,2008-11-01T22:34:49.428,15.610423,0.24599822,2008-11-01T22:34:49.428
3326905478783068800,100.1683600292063,9.91424571990362,17.393325,0.064098564,2008-11-01T22:34:49.428,17.325687,0.072875267,2008-11-01T22:34:49.428,17.46722,0.33350501,2008-11-01T22:34:49.428,20.998873,34.408567,2008-11-01T22:34:49.428
3326905208200246016,100.17757921757968,9.896572277563644,16.287734,0.037091826,2008-11-01T22:34:49.428,16.259419,0.043113421,2008-11-01T22:34:49.428,16.228678,0.11470239,2008-11-01T22:34:49.428,16.499022,0.55080255,2008-11-01T22:34:49.428
3326717462294178944,100.20665615048489,9.871464513808727,17.852842,0.08155338,2008-11-01T22:34:49.428,17.380089,0.074924892,2008-11-01T22:34:49.428,16.984987,0.2182968,2008-11-01T22:34:49.428,15.853844,0.30646722,2008-11-01T22:34:49.428
3326742922858073344,100.32088014434098,9.95312829034928,13.993766,0.012642068,2008-11-01T22:34:49.428,13.87164,0.014086271,2008-11-01T22:34:49.428,13.863252,0.020824682,2008-11-01T22:34:49.428,13.895626,0.054806736,2008-11-01T22:34:49.428
3326717466589162624,100.19563103648265,9.877909255020914,16.231412,0.03610146,2008-11-01T22:34:49.428,15.756556,0.03393391,2008-11-01T22:34:49.428,15.633229,0.070974896,2008-11-01T22:34:49.428,15.365522,0.19740699,2008-11-01T22:34:49.428
3326739933562218496,100.25918870760438,9.864403252271499,14.367392,0.01503288,2008-11-01T22:34:49.428,14.284247,0.017053069,2008-11-01T22:34:49.428,14.298102,0.027319472,2008-11-01T22:34:49.428,14.450675,0.08799567,2008-11-01T22:34:49.428
3326905272623980288,100.17233370841726,9.903835657713078,13.561837,0.010352204,2008-11-01T22:34:49.428,12.957382,0.0092330696,2008-11-01T22:34:49.428,12.571487,0.010170429,2008-11-01T22:34:49.428,12.166008,0.014578963,2008-11-01T22:34:49.428
3326717256140270848,100.2140820077002,9.867025506621601,17.548915,0.069463165,2008-11-01T22:34:49.428,17.330309,0.073046833,2008-11-01T22:34:49.428,16.855721,0.19515213,2008-11-01T22:34:49.428,15.978248,0.34301606,2008-11-01T22:34:49.428
3326740002281694592,100.29682233182803,9.882132056999383,14.108034,0.013329278,2008-11-01T22:34:49.428,13.948847,0.014598723,2008-11-01T22:34:49.428,13.973254,0.022266706,2008-11-01T22:34:49.428,14.084641,0.064275244,2008-11-01T22:34:49.428
3326740586397053312,100.31715279324649,9.909033847724174,18.51359,0.11793126,2008-11-01T22:34:49.428,18.454555,0.13378429,2008-11-01T22:34:49.428,18.225764,0.65804299,2008-11-01T22:34:49.428,18.54813,3.6054768,2008-11-01T22:34:49.428
3326739869138571904,100.26835823493415,9.863884992732459,13.945819,0.012364488,2008-11-01T22:34:49.428,13.825508,0.013788787,2008-11-01T22:34:49.428,13.634023,0.018175899,2008-11-01T22:34:49.428,13.939123,0.056843144,2008-11-01T22:34:49.428
3326742858435795968,100.3254198644605,9.943279160089933,11.616445,0.0042196007,2008-11-01T22:34:49.428,11.733478,0.0052511958,2008-11-01T22:34:49.428,11.632874,0.0063665404,2008-11-01T22:34:49.428,11.74074,0.01101849,2008-11-01T22:34:49.428
3326717260430731648,100.21481052360741,9.86370019175049,13.512926,0.010120795,2008-11-01T22:34:49.428,13.256221,0.01059882,2008-11-01T22:34:49.428,13.228871,0.014440604,2008-11-01T22:34:49.428,13.392053,0.03626763,2008-11-01T22:34:49.428
3326742922859277824,100.32561878132448,9.952924619164358,18.517718,0.11821542,2008-11-01T22:34:49.428,18.514387,0.138487,2008-11-01T22:34:49.428,17.971675,0.52336532,2008-11-01T22:34:49.428,17.397449,1.2529536,2008-11-01T22:34:49.428
3326929019497633664,100.15934816071113,9.929946845887867,19.442251,0.21087,2008-11-01T22:34:49.428,19.365466,0.23441102,2008-11-01T22:34:49.428,17.565709,0.36399429,2008-11-01T22:34:49.428,17.340461,1.1891649,2008-11-01T22:34:49.428
3326717191711252608,100.23278850627557,9.858442256709088,16.489775,0.040893498,2008-11-01T22:34:49.428,16.467161,0.047651297,2008-11-01T22:34:49.428,16.460073,0.13918716,2008-11-01T22:34:49.428,16.697539,0.66021245,2008-11-01T22:34:49.428
3326929977276481536,100.16425407642113,9.971418419802445,19.31163,0.19331591,2008-11-01T22:34:49.428,19.22861,0.21436684,2008-11-01T22:34:49.428,19.505357,2.1098159,2008-11-01T22:34:49.428,18.358189,3.0277017,2008-11-01T22:34:49.428
3326739869138571776,100.27122707642555,9.862346285641914,15.577555,0.026457718,2008-11-01T22:34:49.428,15.579133,0.031208213,2008-11-01T22:34:49.428,15.651241,0.071982145,2008-11-01T22:34:49.428,16.065594,0.37129788,2008-11-01T22:34:49.428
3326929874196650496,100.16007786526909,9.96260979116351,10.962238,0.0031215333,2008-11-01T22:34:49.428,11.237944,0.0041792419,2008-11-01T22:34:49.428,10.986692,0.0046696094,2008-11-01T22:34:49.428,11.038116,0.0072099042,2008-11-01T22:34:49.428
3326740521973590656,100.32186537192413,9.908974306809693,14.238731,0.014161804,2008-11-01T22:34:49.428,13.743318,0.01327439,2008-11-01T22:34:49.428,13.339253,0.015356034,2008-11-01T22:34:49.428,12.490781,0.018287598,2008-11-01T22:34:49.428
3326740006575454080,100.29594337933587,9.874876543148192,13.468675,0.0099159236,2008-11-01T22:34:49.428,13.254197,0.010588917,2008-11-01T22:34:49.428,13.141292,0.013761421,2008-11-01T22:34:49.428,13.256846,0.032570372,2008-11-01T22:34:49.428
3326717191709210752,100.22924145359434,9.856986250412248,17.364945,0.063172972,2008-11-01T22:34:49.428,17.201548,0.06843538,2008-11-01T22:34:49.428,17.503624,0.34445398,2008-11-01T22:34:49.428,16.426709,0.51566362,2008-11-01T22:34:49.428
3326739903496265344,100.25305667847628,9.856422161792665,14.898344,0.019244622,2008-11-01T22:34:49.428,14.893907,0.022640476,2008-11-01T22:34:49.428,14.88584,0.040656325,2008-11-01T22:34:49.428,14.928507,0.13375629,2008-11-01T22:34:49.428
3326739903498311808,100.25326206142465,9.856154051996281,14.898747,0.019248238,2008-11-01T22:34:49.428,14.894137,0.02264291,2008-11-01T22:34:49.428,14.872391,0.040271723,2008-11-01T22:34:49.428,14.910516,0.13164494,2008-11-01T22:34:49.428
3326742854139493376,100.32950713258526,9.93996956085656,15.830948,0.029824734,2008-11-01T22:34:49.428,15.760895,0.034003603,2008-11-01T22:34:49.428,15.660832,0.072525089,2008-11-01T22:34:49.428,15.856323,0.3071553,2008-11-01T22:34:49.428
3326742957220468736,100.32568131261665,9.967875154519115,18.804517,0.14023532,2008-11-01T22:34:49.428,18.68795,0.15334206,2008-11-01T22:34:49.428,18.397443,0.76860558,2008-11-01T22:34:49.428,17.267432,1.1121661,2008-11-01T22:34:49.428
3326740006577518848,100.30342279659358,9.87871444182021,15.64338,0.027292175,2008-11-01T22:34:49.428,15.645302,0.032196949,2008-11-01T22:34:49.428,15.661802,0.072580269,2008-11-01T22:34:49.428,15.782112,0.28721915,2008-11-01T22:34:49.428
3326929019499472768,100.15543008495278,9.931383018097646,17.192678,0.057875242,2008-11-01T22:34:49.428,17.113115,0.065461074,2008-11-01T22:34:49.428,17.42192,0.3203822,2008-11-01T22:34:49.428,17.327572,1.1751966,2008-11-01T22:34:49.428
3326905547502160640,100.15484309336684,9.93137933692249,17.218644,0.058640047,2008-11-01T22:34:49.428,17.13488,0.066179214,2008-11-01T22:34:49.428,17.182567,0.25943219,2008-11-01T22:34:49.428,17.09483,0.94950491,2008-11-01T22:34:49.428
3326716435797007744,100.24206426214467,9.85374836289765,17.146603,0.056546102,2008-11-01T22:34:49.428,17.676171,0.087332203,2008-11-01T22:34:49.428,17.76948,0.43656624,2008-11-01T22:34:49.428,19.15462,6.2990552,2008-11-01T22:34:49.428
3326742854139856000,100.33105276845569,9.942733430079649,17.988717,0.08776628,2008-11-01T22:34:49.428,17.920825,0.099450866,2008-11-01T22:34:49.428,17.24613,0.27433392,2008-11-01T22:34:49.428,16.888002,0.78576116,2008-11-01T22:34:49.428
3326905547502149760,100.15608440565914,9.92256040656841,16.300117,0.037313484,2008-11-01T22:34:49.428,16.259662,0.043118438,2008-11-01T22:34:49.428,16.300432,0.12174993,2008-11-01T22:34:49.428,16.880815,0.78061272,2008-11-01T22:34:49.428
3326716435794964352,100.242368714428,9.853589144931998,17.140328,0.056367804,2008-11-01T22:34:49.428,17.658645,0.086533636,2008-11-01T22:34:49.428,17.605146,0.37699845,2008-11-01T22:34:49.428,18.409399,3.1736607,2008-11-01T22:34:49.428
3326717226070995328,100.20368927543221,9.862318785886938,10.952215,0.0031071539,2008-11-01T22:34:49.428,10.491627,0.0029633834,2008-11-01T22:34:49.428,10.186665,0.0032044274,2008-11-01T22:34:49.428,9.9826236,0.0040830561,2008-11-01T22:34:49.428
3326739869138572032,100.26848416935466,9.85722186437077,15.341734,0.023680104,2008-11-01T22:34:49.428,15.350798,0.028032219,2008-11-01T22:34:49.428,15.342272,0.056761184,2008-11-01T22:34:49.428,15.447799,0.21252603,2008-11-01T22:34:49.428
3326717221776057600,100.2148339937863,9.857606737413562,16.843452,0.048616861,2008-11-01T22:34:49.428,16.700523,0.05337711,2008-11-01T22:34:49.428,15.995724,0.094749925,2008-11-01T22:34:49.428,14.406382,0.08468451,2008-11-01T22:34:49.428
3326717191711253632,100.23215810022329,9.85382113828053,15.487708,0.025361501,2008-11-01T22:34:49.428,15.129087,0.025267775,2008-11-01T22:34:49.428,14.424581,0.029668714,2008-11-01T22:34:49.428,13.304085,0.033811282,2008-11-01T22:34:49.428
3326739800419650944,100.30240532700934,9.875329167260793,13.249251,0.0089600573,2008-11-01T22:34:49.428,12.930723,0.0091201756,2008-11-01T22:34:49.428,12.677217,0.010743551,2008-11-01T22:34:49.428,12.407693,0.017239074,2008-11-01T22:34:49.428
3326929878492391168,100.15532950257749,9.960565622960988,17.293528,0.060911539,2008-11-01T22:34:49.428,17.030944,0.062828331,2008-11-01T22:34:49.428,17.072643,0.23562895,2008-11-01T22:34:49.428,17.388997,1.2432801,2008-11-01T22:34:49.428
3326740620762374272,100.32934599685596,9.918351339035125,18.872543,0.14619258,2008-11-01T22:34:49.428,18.85945,0.17002432,2008-11-01T22:34:49.428,18.601424,0.92484092,2008-11-01T22:34:49.428,18.141625,2.4811959,2008-11-01T22:34:49.428
3326716435797008256,100.24102058535415,9.85246010748024,14.891636,0.01918451,2008-11-01T22:34:49.428,14.499105,0.018841221,2008-11-01T22:34:49.428,14.022639,0.022954633,2008-11-01T22:34:49.428,13.351973,0.035124267,2008-11-01T22:34:49.428
3326905478782410368,100.15620547681551,9.916064546902208,13.958465,0.012437096,2008-11-01T22:34:49.428,13.793037,0.013583203,2008-11-01T22:34:49.428,13.766365,0.019650034,2008-11-01T22:34:49.428,13.818433,0.051385957,2008-11-01T22:34:49.428
3326717432228745216,100.19414468446001,9.86595364631663,19.045915,0.16286983,2008-11-01T22:34:49.428,19.057727,0.19224139,2008-11-01T22:34:49.428,18.649489,0.9661276,2008-11-01T22:34:49.428,17.858178,1.9123563,2008-11-01T22:34:49.428
3326905551797629184,100.1522506878349,9.930769388422846,17.972995,0.087018786,2008-11-01T22:34:49.428,17.867011,0.096620843,2008-11-01T22:34:49.428,18.249844,0.67251717,2008-11-01T22:34:49.428,17.893143,1.974765,2008-11-01T22:34:49.428
3326905478787525504,100.15658323557875,9.911672666400078,19.196366,0.1793075,2008-11-01T22:34:49.428,19.029811,0.18890269,2008-11-01T22:34:49.428,18.460131,0.81353609,2008-11-01T22:34:49.428,21.1486,39.495584,2008-11-01T22:34:49.428
3326739766059353472,100.28952557348573,9.863867583677749,14.921969,0.019457876,2008-11-01T22:34:49.428,14.855821,0.022242123,2008-11-01T22:34:49.428,14.716565,0.036122559,2008-11-01T22:34:49.428,14.417884,0.085531422,2008-11-01T22:34:49.428
3326740418892293632,100.32199893927097,9.89600086449362,16.921874,0.050540662,2008-11-01T22:34:49.428,16.792546,0.055839561,2008-11-01T22:34:49.428,16.623887,0.1599312,2008-11-01T22:34:49.428,16.279038,0.45078052,2008-11-01T22:34:49.428
3326740418894376704,100.32145512138996,9.894363801025545,16.97017,0.051767875,2008-11-01T22:34:49.428,16.929094,0.059729292,2008-11-01T22:34:49.428,16.691142,0.16939026,2008-11-01T22:34:49.428,16.299704,0.45933838,2008-11-01T22:34:49.428
3326905547502453760,100.15196939767424,9.922255587114563,18.125014,0.094584982,2008-11-01T22:34:49.428,18.041591,0.10617455,2008-11-01T22:34:49.428,18.174642,0.62835714,2008-11-01T22:34:49.428,19.720835,10.607361,2008-11-01T22:34:49.428
3326905173840508416,100.17140544856932,9.882346948497869,14.242286,0.014185171,2008-11-01T22:34:49.428,13.791803,0.013575451,2008-11-01T22:34:49.428,13.401382,0.015902686,2008-11-01T22:34:49.428,12.783408,0.022643783,2008-11-01T22:34:49.428
3326742102519455232,100.33586674021328,9.941883457759298,18.132348,0.094969884,2008-11-01T22:34:49.428,18.027984,0.10539,2008-11-01T22:34:49.428,17.984251,0.52931584,2008-11-01T22:34:49.428,18.505645,3.4673306,2008-11-01T22:34:49.428
3326739830483849856,100.26087497074867,9.850698825940329,16.816892,0.047983964,2008-11-01T22:34:49.428,16.736752,0.054331927,2008-11-01T22:34:49.428,16.679968,0.16777814,2008-11-01T22:34:49.428,16.735045,0.68322566,2008-11-01T22:34:49.428
3326716431502020736,100.23669297433847,9.848898936000875,17.58772,0.070882153,2008-11-01T22:34:49.428,17.456645,0.077923443,2008-11-01T22:34:49.428,17.199821,0.26339161,2008-11-01T22:34:49.428,18.001515,2.1814706,2008-11-01T22:34:49.428
3326740517677229056,100.32758082275221,9.902097599561245,18.347036,0.10714046,2008-11-01T22:34:49.428,18.228389,0.11769927,2008-11-01T22:34:49.428,18.170111,0.62579303,2008-11-01T22:34:49.428,17.903699,1.9940047,2008-11-01T22:34:49.428
3326929771117729024,100.14787947720345,9.943480780258692,17.566522,0.070102805,2008-11-01T22:34:49.428,17.474678,0.078649912,2008-11-01T22:34:49.428,17.301672,0.28808727,2008-11-01T22:34:49.428,16.887344,0.78528792,2008-11-01T22:34:49.428
3326717221776056448,100.20826862003526,9.85350993947153,17.206905,0.058292861,2008-11-01T22:34:49.428,16.766405,0.055127493,2008-11-01T22:34:49.428,16.739137,0.17650595,2008-11-01T22:34:49.428,16.876032,0.77720584,2008-11-01T22:34:49.428
3326929874201879168,100.14985072258291,9.961369783044427,18.617289,0.12533587,2008-11-01T22:34:49.428,18.633956,0.14851692,2008-11-01T22:34:49.428,18.125575,0.60114956,2008-11-01T22:34:49.428,18.105767,2.4007688,2008-11-01T22:34:49.428
3326717329148181248,100.19258076849248,9.861119477918614,16.415689,0.039452526,2008-11-01T22:34:49.428,16.023123,0.038509069,2008-11-01T22:34:49.428,15.672205,0.073175098,2008-11-01T22:34:49.428,14.431922,0.086577301,2008-11-01T22:34:49.428
3326717157351518336,100.21890307062284,9.849565892878562,16.721588,0.045787337,2008-11-01T22:34:49.428,16.636927,0.051745418,2008-11-01T22:34:49.428,16.246429,0.11640319,2008-11-01T22:34:49.428,14.743097,0.11358488,2008-11-01T22:34:49.428
3326740552037320192,100.33675890292264,9.92349503570228,17.537914,0.069067027,2008-11-01T22:34:49.428,17.495078,0.079481322,2008-11-01T22:34:49.428,17.477665,0.33660919,2008-11-01T22:34:49.428,18.017329,2.2133962,2008-11-01T22:34:49.428
3326716397142282240,100.22992220251831,9.8471409680733,15.829344,0.029802055,2008-11-01T22:34:49.428,15.75063,0.033838956,2008-11-01T22:34:49.428,16.115705,0.10449874,2008-11-01T22:34:49.428,18.783658,4.4775963,2008-11-01T22:34:49.428
3326930187728722816,100.15198771918801,9.97380157929081,18.982975,0.15655331,2008-11-01T22:34:49.428,18.826348,0.16663416,2008-11-01T22:34:49.428,18.913345,1.2284045,2008-11-01T22:34:49.428,19.146244,6.2506885,2008-11-01T22:34:49.428
3326905444427772672,100.15144295784059,9.907535984558047,15.796713,0.029344686,2008-11-01T22:34:49.428,15.063497,0.024505011,2008-11-01T22:34:49.428,14.553079,0.032317415,2008-11-01T22:34:49.428,13.986409,0.059150666,2008-11-01T22:34:49.428
3326740315813077760,100.3308530187972,9.896902203116142,17.4505,0.066011607,2008-11-01T22:34:49.428,17.362299,0.074247367,2008-11-01T22:34:49.428,17.160061,0.25436099,2008-11-01T22:34:49.428,17.048749,0.91027621,2008-11-01T22:34:49.428
3326739800419090176,100.30544552449904,9.865109125909402,16.612493,0.043408411,2008-11-01T22:34:49.428,16.58257,0.050394147,2008-11-01T22:34:49.428,16.468013,0.14012256,2008-11-01T22:34:49.428,16.453137,0.52823506,2008-11-01T22:34:49.428
3326740517677235840,100.33595983669403,9.906956070376436,17.585402,0.070796424,2008-11-01T22:34:49.428,17.326891,0.072919921,2008-11-01T22:34:49.428,17.490624,0.34050188,2008-11-01T22:34:49.428,17.559766,1.4541123,2008-11-01T22:34:49.428
3326742033802075392,100.3410434740914,9.926045280943189,15.602685,0.026773106,2008-11-01T22:34:49.428,15.587274,0.031328128,2008-11-01T22:34:49.428,15.569511,0.067539473,2008-11-01T22:34:49.428,15.528302,0.22846984,2008-11-01T22:34:49.428
3326906307710574208,100.14292841540815,9.939683268243611,17.687942,0.07470836,2008-11-01T22:34:49.428,17.403308,0.075819924,2008-11-01T22:34:49.428,16.916408,0.20567653,2008-11-01T22:34:49.428,16.419319,0.51220244,2008-11-01T22:34:49.428
3326929878492392064,100.14485837118146,9.961698640462792,16.60186,0.043183927,2008-11-01T22:34:49.428,16.577112,0.05026063,2008-11-01T22:34:49.428,16.618451,0.15919176,2008-11-01T22:34:49.428,17.288309,1.133652,2008-11-01T22:34:49.428
3326739628618357248,100.2708585557969,9.846217335113474,14.420968,0.015411466,2008-11-01T22:34:49.428,14.224703,0.016588686,2008-11-01T22:34:49.428,14.080112,0.023788998,2008-11-01T22:34:49.428,13.65649,0.044945726,2008-11-01T22:34:49.428
3326739628620404352,100.27067633247633,9.846101900522957,14.420511,0.015408197,2008-11-01T22:34:49.428,14.223739,0.016581267,2008-11-01T22:34:49.428,14.076855,0.023740723,2008-11-01T22:34:49.428,13.641969,0.04441327,2008-11-01T22:34:49.428
3326906303416421120,100.14195069179384,9.942492212619117,17.642094,0.072928398,2008-11-01T22:34:49.428,17.696038,0.088248011,2008-11-01T22:34:49.428,17.872532,0.47878653,2008-11-01T22:34:49.428,19.71577,10.558016,2008-11-01T22:34:49.428
3326717329150212224,100.18973006492536,9.856402738957694,13.840786,0.011777745,2008-11-01T22:34:49.428,13.774018,0.013464228,2008-11-01T22:34:49.428,13.689107,0.018772134,2008-11-01T22:34:49.428,13.360448,0.035362606,2008-11-01T22:34:49.428
3326930080360590720,100.14664229065275,9.972395086176197,19.549605,0.22678896,2008-11-01T22:34:49.428,19.799611,0.31533644,2008-11-01T22:34:49.428,19.323964,1.787169,2008-11-01T22:34:49.428,18.424243,3.2172722,2008-11-01T22:34:49.428
3326740178376209536,100.3212488866465,9.87792433723045,16.685743,0.044990198,2008-11-01T22:34:49.428,16.650286,0.052083576,2008-11-01T22:34:49.428,16.642912,0.16254814,2008-11-01T22:34:49.428,16.617481,0.6136702,2008-11-01T22:34:49.428
3326739834779788160,100.26111314741043,9.842438605350809,17.666116,0.073854639,2008-11-01T22:34:49.428,17.604025,0.084099736,2008-11-01T22:34:49.428,17.509974,0.34640176,2008-11-01T22:34:49.428,17.983349,2.1453671,2008-11-01T22:34:49.428
3326740208441027968,100.32472260397485,9.881594526052314,15.841938,0.02998058,2008-11-01T22:34:49.428,15.702861,0.033083658,2008-11-01T22:34:49.428,15.664224,0.072718249,2008-11-01T22:34:49.428,15.861135,0.30849547,2008-11-01T22:34:49.428
3326717153056578688,100.21308150936505,9.843847870929972,16.293767,0.037199633,2008-11-01T22:34:49.428,15.888475,0.036121777,2008-11-01T22:34:49.428,15.555733,0.066821988,2008-11-01T22:34:49.428,15.658935,0.25699291,2008-11-01T22:34:49.428
3326742136880962944,100.34561946876583,9.94670886053776,19.152593,0.1743199,2008-11-01T22:34:49.428,19.479385,0.25289345,2008-11-01T22:34:49.428,18.781482,1.0893744,2008-11-01T22:34:49.428,17.812337,1.833523,2008-11-01T22:34:49.428
3326717049977363712,100.20979848396297,9.844157480808805,17.661187,0.073663482,2008-11-01T22:34:49.428,17.559404,0.082171085,2008-11-01T22:34:49.428,16.516867,0.14602995,2008-11-01T22:34:49.428,16.842116,0.7534705,2008-11-01T22:34:49.428
3326905135185229824,100.15503301735399,9.886178367815846,15.166645,0.021814565,2008-11-01T22:34:49.428,14.822127,0.021895684,2008-11-01T22:34:49.428,14.344348,0.028150679,2008-11-01T22:34:49.428,13.336549,0.034695179,2008-11-01T22:34:49.428
3326929839837216640,100.13941370552901,9.950728778689015,17.202226,0.058155134,2008-11-01T22:34:49.428,17.132521,0.06610093,2008-11-01T22:34:49.428,17.217968,0.2676241,2008-11-01T22:34:49.428,17.431745,1.2929881,2008-11-01T22:34:49.428
3326740556333326720,100.34289369712828,9.914438441982963,15.381273,0.024123778,2008-11-01T22:34:49.428,15.396485,0.0286397,2008-11-01T22:34:49.428,15.332886,0.056361032,2008-11-01T22:34:49.428,15.472714,0.2173349,2008-11-01T22:34:49.428
3326929839837220352,100.13960213818191,9.953945217749045,17.980464,0.087372928,2008-11-01T22:34:49.428,17.935676,0.10024936,2008-11-01T22:34:49.428,17.667723,0.39862643,2008-11-01T22:34:49.428,18.354186,3.0165776,2008-11-01T22:34:49.428
3326740109656733440,100.3188496405219,9.87032461637764,15.056527,0.020719588,2008-11-01T22:34:49.428,15.038163,0.024216769,2008-11-01T22:34:49.428,15.064667,0.04621675,2008-11-01T22:34:49.428,15.278114,0.18255099,2008-11-01T22:34:49.428
3326717393574755328,100.17428305166737,9.862857270542184,13.54265,0.010260795,2008-11-01T22:34:49.428,13.085654,0.0097961931,2008-11-01T22:34:49.428,12.742903,0.01111876,2008-11-01T22:34:49.428,12.394686,0.01708158,2008-11-01T22:34:49.428
3326739624325110528,100.27125586496028,9.841723469259014,17.733188,0.076515817,2008-11-01T22:34:49.428,17.701166,0.088486242,2008-11-01T22:34:49.428,17.353897,0.30167584,2008-11-01T22:34:49.428,16.611161,0.61014001,2008-11-01T22:34:49.428
3326906303416703232,100.13867270805531,9.927014260974632,14.911769,0.019365506,2008-11-01T22:34:49.428,14.831377,0.021990241,2008-11-01T22:34:49.428,14.812123,0.038601491,2008-11-01T22:34:49.428,14.733337,0.1126153,2008-11-01T22:34:49.428
3326905345639200512,100.14538095601037,9.901983939756354,16.294158,0.037206638,2008-11-01T22:34:49.428,16.211729,0.042138818,2008-11-01T22:34:49.428,16.035211,0.097841884,2008-11-01T22:34:49.428,15.287496,0.18408881,2008-11-01T22:34:49.428
3326717393579136640,100.17436894004187,9.86228589653522,13.532478,0.010212664,2008-11-01T22:34:49.428,13.06743,0.0097141298,2008-11-01T22:34:49.428,12.690088,0.010815879,2008-11-01T22:34:49.428,12.322114,0.016234276,2008-11-01T22:34:49.428
3326742033799982080,100.3463450573219,9.920934771443624,20.394433,0.41935871,2008-11-01T22:34:49.428,20.336271,0.46752261,2008-11-01T22:34:49.428,20.313675,4.4277614,2008-11-01T22:34:49.428,18.862322,4.8136379,2008-11-01T22:34:49.428
3326742132586790400,100.34818610236444,9.949379548680875,18.127246,0.094701904,2008-11-01T22:34:49.428,18.078452,0.10833574,2008-11-01T22:34:49.428,17.835764,0.46326126,2008-11-01T22:34:49.428,17.288305,1.1336482,2008-11-01T22:34:49.428
3326717049977363200,100.21151665076874,9.840344097179864,13.742973,0.011256634,2008-11-01T22:34:49.428,13.443089,0.011554287,2008-11-01T22:34:49.428,13.362981,0.015562032,2008-11-01T22:34:49.428,13.574484,0.042028828,2008-11-01T22:34:49.428
3326716401437823488,100.22880339068547,9.836574578591643,16.964024,0.051609841,2008-11-01T22:34:49.428,16.982213,0.061323582,2008-11-01T22:34:49.428,16.520731,0.14650845,2008-11-01T22:34:49.428,14.937175,0.13478615,2008-11-01T22:34:49.428
3326739727409169664,100.31733869687748,9.864029407794618,16.277065,0.036902008,2008-11-01T22:34:49.428,16.136664,0.040652261,2008-11-01T22:34:49.428,16.057168,0.099609764,2008-11-01T22:34:49.428,15.998387,0.34933652,2008-11-01T22:34:49.428
3326740315815160832,100.33799416138423,9.890664342867192,16.660451,0.044436953,2008-11-01T22:34:49.428,16.568763,0.050057118,2008-11-01T22:34:49.428,16.537318,0.14858225,2008-11-01T22:34:49.428,16.567509,0.58631086,2008-11-01T22:34:49.428
3326905341348531840,100.14357449435971,9.898168695954892,14.895355,0.019217807,2008-11-01T22:34:49.428,14.738178,0.021056318,2008-11-01T22:34:49.428,14.719284,0.036190364,2008-11-01T22:34:49.428,14.080849,0.064068779,2008-11-01T22:34:49.428
3326742068161812096,100.35098339425465,9.935872191619863,14.639197,0.017056481,2008-11-01T22:34:49.428,14.572042,0.019490636,2008-11-01T22:34:49.428,14.54789,0.032204919,2008-11-01T22:34:49.428,14.564207,0.097123817,2008-11-01T22:34:49.428
3326905345637907840,100.14277715492885,9.898927526726016,15.007567,0.02025105,2008-11-01T22:34:49.428,14.888879,0.022587472,2008-11-01T22:34:49.428,14.856257,0.039816138,2008-11-01T22:34:49.428,14.015924,0.06064236,2008-11-01T22:34:49.428
3326742239960133120,100.35081690160209,9.954031553934138,19.335501,0.19638497,2008-11-01T22:34:49.428,19.240013,0.21595346,2008-11-01T22:34:49.428,18.796581,1.1044516,2008-11-01T22:34:49.428,18.547322,3.6027985,2008-11-01T22:34:49.428
3326716160919101824,100.2581030077266,9.834365173770834,16.705528,0.045428253,2008-11-01T22:34:49.428,16.422468,0.046633113,2008-11-01T22:34:49.428,16.134486,0.10612323,2008-11-01T22:34:49.428,15.47212,0.21721888,2008-11-01T22:34:49.428
3326906273350840192,100.13381603202141,9.930886768254688,18.98276,0.15653222,2008-11-01T22:34:49.428,18.991193,0.18440244,2008-11-01T22:34:49.428,18.514352,0.85454624,2008-11-01T22:34:49.428,17.547576,1.4379391,2008-11-01T22:34:49.428
3326929839837223552,100.13414258747724,9.95613847084038,17.037585,0.053537438,2008-11-01T22:34:49.428,16.717299,0.053816931,2008-11-01T22:34:49.428,16.32744,0.12452434,2008-11-01T22:34:49.428,15.720357,0.27163687,2008-11-01T22:34:49.428
3326742029506069248,100.35091210178074,9.921648979621828,18.981292,0.15638861,2008-11-01T22:34:49.428,19.000636,0.18549033,2008-11-01T22:34:49.428,19.867248,2.9393596,2008-11-01T22:34:49.428,23.471361,335.42825,2008-11-01T22:34:49.428
3326739727404688128,100.31990224576676,9.863336741756878,20.745307,0.55245562,2008-11-01T22:34:49.428,21.280672,0.99654244,2008-11-01T22:34:49.428,19.042403,1.3818439,2008-11-01T22:34:49.428,17.604293,1.5147567,2008-11-01T22:34:49.428
3326717049977363328,100.19990521525472,9.840546452709185,16.258127,0.036567622,2008-11-01T22:34:49.428,16.134315,0.040606655,2008-11-01T22:34:49.428,16.589899,0.15536792,2008-11-01T22:34:49.428,17.211664,1.0567568,2008-11-01T22:34:49.428
3326906372140643712,100.13207260460302,9.939327278550758,18.400143,0.11044301,2008-11-01T22:34:49.428,18.327351,0.12442608,2008-11-01T22:34:49.428,17.788441,0.44403719,2008-11-01T22:34:49.428,16.484711,0.54366153,2008-11-01T22:34:49.428
3326740315815159296,100.34442226534391,9.896899431334969,16.25495,0.036511845,2008-11-01T22:34:49.428,16.198915,0.041880998,2008-11-01T22:34:49.428,16.18319,0.1104674,2008-11-01T22:34:49.428,16.241533,0.4356592,2008-11-01T22:34:49.428
3326740350172808960,100.3472852837277,9.901937172469975,19.076601,0.16606475,2008-11-01T22:34:49.428,19.011684,0.18677341,2008-11-01T22:34:49.428,18.77881,1.0867277,2008-11-01T22:34:49.428,17.439472,1.3021836,2008-11-01T22:34:49.428
3326739727404329088,100.3128667140561,9.854950458435033,18.185901,0.0978394,2008-11-01T22:34:49.428,18.051684,0.10676108,2008-11-01T22:34:49.428,18.179796,0.63128725,2008-11-01T22:34:49.428,19.282198,7.0837734,2008-11-01T22:34:49.428
3326905135190103296,100.14390257095305,9.888809077168728,16.113807,0.034123819,2008-11-01T22:34:49.428,15.780236,0.034316129,2008-11-01T22:34:49.428,15.230701,0.052212526,2008-11-01T22:34:49.428,14.439164,0.087122143,2008-11-01T22:34:49.428
3326717088630017024,100.1861618053655,9.845478159453826,17.987663,0.087715939,2008-11-01T22:34:49.428,17.874656,0.097016902,2008-11-01T22:34:49.428,17.80979,0.45260615,2008-11-01T22:34:49.428,16.480253,0.54145612,2008-11-01T22:34:49.428
3326717084337102208,100.18588785549893,9.845377525077026,17.986916,0.087680233,2008-11-01T22:34:49.428,17.868904,0.0967187,2008-11-01T22:34:49.428,17.744336,0.42685854,2008-11-01T22:34:49.428,16.403935,0.50507293,2008-11-01T22:34:49.428
3326740139720522880,100.33946708350156,9.883742440780793,18.353275,0.10752208,2008-11-01T22:34:49.428,17.867631,0.09665286,2008-11-01T22:34:49.428,17.663051,0.3969682,2008-11-01T22:34:49.428,17.082926,0.93921107,2008-11-01T22:34:49.428
3326717290495738496,100.17511063307701,9.851287692826665,17.945112,0.085711996,2008-11-01T22:34:49.428,18.325275,0.12428014,2008-11-01T22:34:49.428,16.108675,0.10389775,2008-11-01T22:34:49.428,14.566479,0.097316422,2008-11-01T22:34:49.428
3326930050289782400,100.13096642385926,9.962135728293577,19.852761,0.28037407,2008-11-01T22:34:49.428,19.797517,0.3148706,2008-11-01T22:34:49.428,20.193569,3.9654168,2008-11-01T22:34:49.428,17.749615,1.7309109,2008-11-01T22:34:49.428
3326740139721502336,100.33456463375411,9.87458813718561,17.664238,0.07378172,2008-11-01T22:34:49.428,17.569579,0.082606249,2008-11-01T22:34:49.428,17.553223,0.35997436,2008-11-01T22:34:49.428,17.402111,1.2583222,2008-11-01T22:34:49.428
3326740144014389760,100.33578470058482,9.875981274201257,19.609147,0.23625484,2008-11-01T22:34:49.428,19.484816,0.2538187,2008-11-01T22:34:49.428,19.17419,1.5585305,2008-11-01T22:34:49.428,17.603319,1.513403,2008-11-01T22:34:49.428
3326742029505753088,100.35682898876878,9.926421937955253,17.618983,0.07205025,2008-11-01T22:34:49.428,17.968969,0.10206769,2008-11-01T22:34:49.428,17.961232,0.51847544,2008-11-01T22:34:49.428,18.479328,3.3844279,2008-11-01T22:34:49.428
3326717294790475520,100.17216461184512,9.850642660966168,14.605201,0.016788918,2008-11-01T22:34:49.428,14.26009,0.016863099,2008-11-01T22:34:49.428,13.804101,0.020097453,2008-11-01T22:34:49.428,12.92679,0.025222414,2008-11-01T22:34:49.428
3326742063865509760,100.35827550725062,9.939661072821469,17.833163,0.080698145,2008-11-01T22:34:49.428,17.773431,0.091926117,2008-11-01T22:34:49.428,17.710598,0.41418026,2008-11-01T22:34:49.428,17.739204,1.7144447,2008-11-01T22:34:49.428
3326716298357379200,100.22177887310212,9.828726739942224,17.812471,0.079810491,2008-11-01T22:34:49.428,17.879259,0.097256356,2008-11-01T22:34:49.428,18.379174,0.75599198,2008-11-01T22:34:49.428,15.751054,0.27927183,2008-11-01T22:34:49.428
3326742235664220032,100.35805638502148,9.954219283151659,16.345145,0.038131574,2008-11-01T22:34:49.428,16.282124,0.043585896,2008-11-01T22:34:49.428,16.276664,0.11936424,2008-11-01T22:34:49.428,16.560501,0.58257391,2008-11-01T22:34:49.428
3326739559900928000,100.2803606182207,9.832364346705877,16.164258,0.034957604,2008-11-01T22:34:49.428,16.147037,0.040854299,2008-11-01T22:34:49.428,16.046827,0.09877275,2008-11-01T22:34:49.428,15.848534,0.30499834,2008-11-01T22:34:49.428
3326742235664512000,100.35799555787683,9.956862190600868,18.98344,0.15659888,2008-11-01T22:34:49.428,19.065636,0.19320068,2008-11-01T22:34:49.428,18.979552,1.3048403,2008-11-01T22:34:49.428,18.88297,4.9059493,2008-11-01T22:34:49.428
3326905036401556480,100.1527354664687,9.867546291852134,13.75066,0.011296732,2008-11-01T22:34:49.428,13.041136,0.0095969505,2008-11-01T22:34:49.428,12.498799,0.0097971314,2008-11-01T22:34:49.428,11.559612,0.0098344427,2008-11-01T22:34:49.428
3326740345880413056,100.35417118871503,9.906928204133726,19.010664,0.15929376,2008-11-01T22:34:49.428,18.949251,0.17966552,2008-11-01T22:34:49.428,18.322324,0.71807165,2008-11-01T22:34:49.428,19.367717,7.6638421,2008-11-01T22:34:49.428
3326717084337101824,100.18191392964543,9.842349882508131,16.040483,0.032949653,2008-11-01T22:34:49.428,15.996556,0.038025124,2008-11-01T22:34:49.428,15.827749,0.082764792,2008-11-01T22:34:49.428,15.215028,0.17254733,2008-11-01T22:34:49.428
3326716122264063232,100.24944553395127,9.825786907373814,17.259426,0.059864798,2008-11-01T22:34:49.428,17.216357,0.068948408,2008-11-01T22:34:49.428,17.285947,0.28412189,2008-11-01T22:34:49.428,19.064597,5.7982791,2008-11-01T22:34:49.428
3326742991580277504,100.3580093893485,9.9618918621864,18.478243,0.11553228,2008-11-01T22:34:49.428,18.356757,0.1265156,2008-11-01T22:34:49.428,18.424297,0.78753604,2008-11-01T22:34:49.428,17.941437,2.0643369,2008-11-01T22:34:49.428
3326717359215215872,100.15876672499974,9.859921253376024,17.506711,0.067957709,2008-11-01T22:34:49.428,17.642915,0.085824285,2008-11-01T22:34:49.428,15.585245,0.068369639,2008-11-01T22:34:49.428,13.99996,0.059830535,2008-11-01T22:34:49.428
3326740242799311360,100.35083854281145,9.895258242270456,17.118968,0.055765621,2008-11-01T22:34:49.428,17.033757,0.062916452,2008-11-01T22:34:49.428,16.728739,0.1749377,2008-11-01T22:34:49.428,16.652246,0.63346036,2008-11-01T22:34:49.428
3326930045995661824,100.12652830393077,9.960333399822725,18.877372,0.1466273,2008-11-01T22:34:49.428,18.773975,0.16144102,2008-11-01T22:34:49.428,19.70977,2.5442338,2008-11-01T22:34:49.428,20.671365,25.449996,2008-11-01T22:34:49.428
3326906582588481536,100.1254878691704,9.9547629897156,18.534722,0.11939502,2008-11-01T22:34:49.428,18.504955,0.13773224,2008-11-01T22:34:49.428,18.064096,0.56874937,2008-11-01T22:34:49.428,18.070422,2.3240491,2008-11-01T22:34:49.428
3326739727405063296,100.32664845328506,9.859042393987236,16.098253,0.033871071,2008-11-01T22:34:49.428,16.006332,0.03820245,2008-11-01T22:34:49.428,15.980307,0.093572421,2008-11-01T22:34:49.428,16.405372,0.50573456,2008-11-01T22:34:49.428
3326742995874744704,100.3587403343886,9.96258954873722,18.763447,0.1367852,2008-11-01T22:34:49.428,18.69769,0.15423318,2008-11-01T22:34:49.428,18.8629,1.1732142,2008-11-01T22:34:49.428,18.535446,3.5636644,2008-11-01T22:34:49.428
3326717294790476416,100.16673797439334,9.851280050510564,14.45916,0.015687243,2008-11-01T22:34:49.428,14.44356,0.018361456,2008-11-01T22:34:49.428,14.421702,0.029612506,2008-11-01T22:34:49.428,14.747497,0.11402484,2008-11-01T22:34:49.428
