ra,dec,SOURCE_ID,parallax,parallax_error,phot_g_mean_mag
100.2409436821751,9.941616329108202,3326929225657356288,1.370445516016759,0.015314793,13.421094
100.23972383427731,9.9379171285549,3326929221360458752,1.8075015268542105,0.43869746,19.214062
100.23780617518352,9.945147744328958,3326929221360454912,1.3229739387577035,0.15692832,17.790493
100.24504176413072,9.948207756521557,3326929221360458880,0.2657989852122694,0.14811336,18.014084
100.23976828825948,9.951104305713391,3326929221360456192,0.5409528637339178,0.48984063,19.649569
100.24249774938156,9.929022554829151,3326741174808624256,1.418197679397912,0.08139633,16.201187
100.2350395056103,9.952334701654188,3326929290086328576,1.3734013657471695,0.9021235,20.103447
100.23219715849748,9.952109169272523,3326929290079933184,1.48265209004455,0.14120308,17.904991
100.22579112802676,9.938001157889309,3326928847698916992,1.2960048804708468,0.24060647,18.822403
100.25719510991394,9.930924567482112,3326741484046267776,1.4615695226347207,0.053691894,16.171803
100.2287645961986,9.952539479136396,3326929294376833152,1.5472010655923956,0.16319522,18.197454
100.24725717111664,9.922252125736518,3326741101798707584,1.3941461845458971,0.014448236,12.117758
100.22578956872016,9.931089788386483,3326928847700236928,1.4204800270974525,0.041710388,15.941736
100.24746518640112,9.959849311787536,3326929255720180352,1.5020284444991807,0.13549532,16.882816
100.2325364078635,9.957716903791155,3326929294376832384,1.5009281370414116,0.2520452,18.806843
100.24791537141267,9.961375650145866,3326929328736569088,0.490340389052543,0.22190504,18.763025
100.22604749136356,9.92613646311752,3326928809043598080,1.2494921188942427,0.1533714,18.115482
100.26402031078698,9.948048615631484,3326741587125480960,2.2322627551841725,0.039780032,15.694011
100.22034642157354,9.949054510317564,3326928912129206272,20.765532,,
100.23016235456603,9.92047353375434,3326741136153966848,1.5344459455391055,0.19600783,18.308605
100.23949263668598,9.915906259757907,3326741101794228352,1.3101981379401355,0.1586295,18.024517
100.21746991344006,9.94533266953154,3326928916419712896,1.3953933743812843,0.073760316,16.753098
100.26182116670108,9.922800936718971,3326741479751304704,1.6375669280335687,0.16283996,17.703781
100.24531196288495,9.967257098957347,3326929324446067584,20.833721,,
100.26476439324932,9.925573337636688,3326741479751304960,0.2847188686568789,0.66071725,19.800953
100.23992744539352,9.970171071683998,3326929324439658112,1.3542448139973655,0.1683268,17.652782
100.24062266959808,9.971161823290078,3326929324446067328,0.6895041589311255,0.4780552,19.231804
100.2722807077613,9.932258037498306,3326741514111044480,1.6327159952558068,0.1982245,18.43015
100.27286130321036,9.94815493776347,3326741685908694528,1.2757549204446867,0.15819357,17.720837
100.21191566110642,9.931380684062376,3326928882059976576,1.3798664751060823,0.029544171,15.051153
100.27230394115364,9.928290508619469,3326741514115569152,21.022942,,
100.223619983581,9.966661268844112,3326929500535262464,1.4016880345851033,0.079070374,16.308111
100.26366685525856,9.965250519422682,3326929363096305408,1.4275773131318314,0.034111023,15.270844
100.22252750127036,9.967139934672934,3326929496244758656,1.4328057622566217,0.24685125,18.904459
100.2110559364595,9.95271871068478,3326929118281225856,1.2546269733751716,0.23091382,18.788944
100.20995492641369,9.949982274767327,3326929122576825088,2.325561537379594,0.93379325,20.215103
100.21341894556994,9.923145486424428,3326928813339187584,0.5546796344912585,0.5613622,19.961437
100.20889551709509,9.95108693002894,3326929118281225600,1.37871785196966,0.06572235,16.54245
100.222544892419,9.912132386308024,3326741136153966592,1.2955907863130005,0.07733068,16.786177
100.24528038503104,9.905992332500713,3326741067438968832,1.2119864953419672,0.1607872,18.149118
100.2778868536008,9.936430675515222,3326741514109999232,1.24918067538887,0.23837359,18.665762
100.2102784335171,9.925212036681188,3326928809043590656,1.3886630256009158,0.2583518,18.886944
100.2363204086461,9.975806545332958,3326929633677303936,2.328874835106765,0.14260219,18.130867
100.23749210352652,9.905562869742411,3326741067438968704,17.735777,,
100.23723403139518,9.905294742700969,3326741071729412352,19.122534,,
100.20677651450188,9.948085891926022,3326929118281225216,1.9124373407524493,0.02762335,15.0817175
100.21596447283598,9.915755822145895,3326928705964382848,20.728783,,
100.24459515608004,9.904482936093396,3326741071727347200,1.2247422545283106,0.13877022,17.399225
100.25922101406124,9.97333102339493,3326929427525283328,20.74437,,
100.2664048124105,9.969277205856244,3326929393158941056,1.3798675972181524,0.044852078,15.64866
100.24663991422932,9.904013400773795,3326741067438969088,1.3474892998825694,0.07803489,16.632414
100.23542493104416,9.902870804053917,3326741071729412992,1.3912492071992073,0.01337639,12.185182
100.2690208383568,9.912165159973584,3326741277887838080,1.4072992785583294,0.018454012,10.305274
100.24897185224704,9.902530889247958,3326740865568916224,17.767212,,
100.25164230093408,9.902771132184697,3326740861280539264,18.667616,,
100.24892344636848,9.901715333522224,3326740861280539136,1.36898837650313,0.030380804,15.081846
100.24675184727808,9.901261086646311,3326740865570308608,17.467283,,
100.21078701674088,9.91590434158987,3326928705964373888,1.422507608050979,0.022253754,14.545386
100.27693117746304,9.918846403465608,3326741273597400704,1.9671231722290508,1.0974221,20.031404
100.2510407456775,9.980437666606056,3326929427518677504,1.2854676031198264,0.062864624,13.380365
100.24555723142,9.90019611104944,3326740865570981632,1.5438382000047208,0.039374042,10.722203
100.25179953697004,9.900954364539656,3326740865570980864,1.4080575851261503,0.034983054,15.140446
100.20756023015842,9.91880783311843,3326928710259976064,0.512402763353058,0.65164983,20.090336
100.24171510414943,9.899755973530278,3326741067438961664,1.2636614204145895,0.05434334,14.381359
100.21505729037771,9.971947945488566,3326929564957841152,0.8443086351466221,0.32635227,19.099258
100.23286118340336,9.98114802096477,3326929637974213248,1.0035095870471809,0.9670272,20.085382
100.2157560155469,9.973299014150363,3326929564964235136,0.6795357455682147,0.9215804,20.034073
100.20503655376544,9.96072779403371,3326929118281227008,1.3488695970511255,0.059808135,16.33733
100.27969870887796,9.919139509605175,3326741307952612096,1.347990631977189,0.17924176,18.18709
100.20468850040857,9.920244384702649,3326928705964374528,1.0066028785578909,0.11318782,17.49559
100.19951245758683,9.94687360687672,3326929088217090560,0.2221091196785587,0.45405987,19.48066
100.21286265605978,9.90937458122472,3326741033074751104,2.255494289701306,0.46725288,19.693604
100.2043072351074,9.962517112553323,3326929191297618944,0.7039466583924959,0.083653964,16.822315
100.25146184954286,9.89810247336336,3326740861280532224,1.2530339281359657,0.07313729,16.446243
100.21223832461916,9.909132488944886,3326741037367624704,0.3231216783179816,0.15499288,18.088165
100.2329372749516,9.898146737004607,3326740964359745920,1.3415151372134675,0.04171301,15.820328
100.20044248118904,9.926890109163349,3326928774683852544,1.371913238445961,0.15941206,18.140562
100.22453399582952,9.90034867935511,3326740968648147200,12.06871819188094,1.0316639,20.061775
100.28719970099375,9.946547962369538,3326741617188918912,1.4902556067278172,0.16311479,18.262915
100.22750008077344,9.982934577457444,3326929706693690752,0.9971887891356048,0.45998913,19.543541
100.23589927140236,9.896372712790065,3326740968649524480,0.9393738539863856,0.23266125,18.784128
100.19854459585086,9.953596888041464,3326929122577048448,20.784374,,
100.24180385830468,9.89550026674998,3326740865571540864,17.65156,,
100.19861299612506,9.954411858589069,3326929122577493376,20.712042,,
100.19865900727496,9.955050401737587,3326929118281226112,1.1408977960304223,0.17206563,18.344828
100.21599974101018,9.903400998012671,3326741037367626752,20.84047,,
100.2439561577091,9.895048580898544,3326740865571935232,1.401863794659705,0.09841833,7.988316
100.25703245667098,9.984389415184534,3326929461878418304,1.413946900141405,0.14637324,17.97422
100.25327789656764,9.89617962136054,3326740865568917120,0.6321115871568265,0.24906227,18.242752
100.28891847525382,9.935566482336425,3326741415326788480,1.397154694692759,0.12370574,16.454527
100.22842209773944,9.89657628295106,3326740968648147456,1.787672996893074,0.43107736,19.465715
100.20528341283348,9.911945010438313,3326928705964373376,1.2039684631280227,0.115666136,17.674341
100.26194840195112,9.897964476102525,3326740899930718336,1.4327624119029734,0.06566208,16.702995
100.27367945527024,9.905179863256436,3326741209168361856,1.451421102471371,0.03520818,15.334716
100.19480838891972,9.947606804258784,3326929083921502336,0.2056375356598294,0.2820201,19.094334
100.20918585147562,9.975448939282984,3326929564957826944,0.3148267009727449,0.14696927,17.81248
100.2712947939149,9.979450962873214,3326929393158941312,2.2110129222051143,0.3796643,19.178307
100.20970244731372,9.904389803917477,3326741037369677312,0.584809529213133,0.04693113,16.044432
100.1964291440951,9.961851532063251,3326929191297620224,0.3428700199580539,0.06528065,16.457325
100.22572904784782,9.988268202540828,3326929702396781568,0.4918096619812958,0.14975753,17.803642
100.27677493750596,9.903128600540748,3326741209168361600,1.5900474408591485,0.20409231,17.931107
100.28025688365496,9.975300554911524,3326930874924790656,1.4031577030393347,0.028388929,14.829899
100.27673309062747,9.902908303707749,3326741209166292608,1.390581927155368,0.06684561,16.188229
100.191477412553,9.935548314384024,3326928985137880320,20.826298,,
100.26210458466758,9.893347232097998,3326740796851503872,1.396995566119594,0.056416553,16.440086
100.1955806651414,9.917672878661325,3326928778980764032,0.4835280146011169,0.07162247,16.518303
100.1967901769982,9.966287336005326,3326929187000718592,19.842243,,
100.22667256064987,9.89139465009798,3326740964355273216,1.4230404409010478,0.1281063,17.953108
100.27136383417512,9.896689217618034,3326740831211240960,1.6273209330890153,0.4380874,19.504713
100.19536106617733,9.96554460092188,3326929191297619712,2.4659601416169297,0.30228627,18.978014
100.27136428191292,9.896275530729406,3326740831209175296,1.1237386830616882,0.1847274,18.423927
100.20378285864676,9.977391525149631,3326929569253418368,2.2311937442257075,2.3684952,20.656992
100.22855734941572,9.889088038040276,3326740964355272704,1.6816799881523947,0.18706976,18.564287
100.20548162016595,9.980925815623491,3326929569254739584,1.0161052131812058,0.15104124,17.853155
100.2840387326474,9.90432978901588,3326741209166285184,1.203104639036585,0.19056289,18.612793
100.20462131328668,9.900848664108638,3326740998714965248,0.5885413961426167,0.08660607,16.928038
100.27280461308251,9.894666398030278,3326740826920795648,1.5234113267959362,0.3681288,19.134901
100.22085974275907,9.88991072238878,3326740929995534464,1.8028903841644408,0.20666166,18.750904
100.29459723926624,9.96176851128136,3326741655844953984,1.4262201626331796,0.052546807,16.02327
100.24771406790012,9.99591061964137,3326929672332619136,1.379802410438446,0.044372138,14.809328
100.24672417757748,9.885498483918402,3326740758201316608,1.3392909229775485,0.03267149,14.765855
100.18663172206004,9.94661847139666,3326929152640978816,20.630003,,
100.2470466340874,9.885497288435738,3326740762491769088,1.3119240614190977,0.08904836,16.68753
100.24752396536842,9.996189827904836,3326929672333948544,17.69336,,
100.18630219066269,9.931668600088251,3326928980842270848,0.4883567829773578,0.13208745,17.951797
100.27710973472794,9.8959045562095,3326740826920796160,1.34467841922459,0.07309581,16.972206
100.1978980528876,9.975898012362483,3326930325168019456,20.729979,,
100.29988702826928,9.948882536641548,3326741445390230784,1.5765017087123152,0.11847731,17.242033
100.21375832361568,9.891291269749996,3326740934288416768,1.2309403642701664,0.22161873,18.69044
100.21419864917644,9.890061092850072,3326740934288416896,1.4509681296850327,0.15074146,18.068125
100.19474456431692,9.906929679526838,3326928675901550208,1.4484033680359272,0.04374449,15.200226
100.18514291713971,9.927704618368734,3326928980842270464,0.2498274037325851,0.11657457,17.56798
100.19464518055638,9.90670672413445,3326928675900247296,15.832076,,
100.2686038655696,9.888416881619436,3326740796851503744,1.3611311591361208,0.02903156,15.183202
100.18397820006273,9.95186777143042,3326929156936569728,0.53445174159157,0.98872685,20.510792
100.18688334225786,9.962271685585227,3326929191297621120,1.3334016836985692,0.023528792,14.409743
100.21139808933056,9.991127005075771,3326930355238520448,1.5283734334100938,0.94060606,20.302666
100.18932071944973,9.967797198718934,3326929942914948608,0.7401656867567439,0.17832415,18.448044
100.19038164010468,9.969860596900205,3326929942914963072,0.28143866232834,0.78564125,19.956314
100.24448923190374,9.881522026666715,3326740693770240640,1.2896014482847724,0.19810013,18.390396
100.18344269468966,9.929949792166092,3326928985138075392,0.4728308884474473,0.4636198,19.722101
100.18484631773433,9.922021878115366,3326928740324113152,0.4251013779607784,0.15860283,18.038147
100.19920456737516,9.89868818104123,3326741003009940096,0.701331684718602,0.023597302,14.675498
100.27170916449104,9.887689129493785,3326740796851503360,1.4119793296924237,0.034798477,14.692895
100.181473216887,9.929728455496026,3326928985138086144,1.759792729925585,0.75871825,20.324364
100.19062966298534,9.974586036581428,3326929947211863168,2.2928529230234003,0.04830271,16.177988
100.22092326805554,9.883164679788509,3326740934290462976,1.39104367508397,0.053320482,16.222902
100.20068903589528,9.986586650551194,3326930320872085760,1.5520289140759953,0.24936004,18.767801
100.28603839199536,9.896278693342476,3326740448959197952,1.1206603326075852,0.3197723,19.317348
100.18305708728904,9.921363643277353,3326928740324101760,0.4047656052652944,0.19765723,18.50205
100.25860121608272,9.880778295556656,3326740792561056128,1.378095432483959,0.035780568,10.694932
100.18398129332942,9.917856700827617,3326928744619723392,0.9251856442312334,1.6479424,20.620079
100.2064027572669,9.889708753807204,3326740998714107008,1.3789402552891628,0.017372038,11.374605
100.20038989672024,9.894252122224136,3326741003009940608,1.4414573018550745,0.03308975,15.32848
100.25781768228232,9.879997034650046,3326740693772848896,1.5398215570584264,0.058730796,9.034942
100.19230286972214,9.97950154673744,3326930325167664640,0.50914735837042,0.3520105,19.361443
100.1849805464437,9.96787976761826,3326929942914962816,0.4569099574826644,0.33636725,19.189505
100.30176759220603,9.916685053207727,3326741239231756416,1.5975686764216483,0.11566314,17.592926
100.22753785467344,10.002217135824708,3326930496967670912,3.2090356899252024,1.810364,20.120028
100.28898342827144,9.897047831205237,3326740453253731712,20.469147,,
100.17828427500784,9.940468031724876,3326929049563590144,0.2317130495955624,0.5501389,19.832134
100.29555306629986,9.90464274068348,3326740453254679808,1.4869289000238295,0.032143224,15.209348
100.26054942197656,9.879847120087826,3326740792561056512,18.00395,,
100.2196916042815,10.000123389604637,3326930458317738496,20.847776,,
100.303128469464,9.963407473875751,3326743129017763328,1.622191349848097,0.5020124,19.520555
100.18038462003771,9.922083358688331,3326928950779456640,1.553871375547739,0.1406344,17.919352
100.216098725898,9.999545306797266,3326930458310832384,0.8582906303633808,0.36178353,19.222557
100.24225480416696,9.87650957784862,3326740689477364736,1.0179294723616088,0.19002795,18.365715
100.17918416849422,9.925191781520494,3326928946484374528,1.332859461244488,0.5541015,19.807802
100.30688133952778,9.926995114994286,3326741342316878720,1.2990075373063743,0.53361607,19.890806
100.2579378175224,9.877592896195486,3326740689481840896,1.314567236049112,0.30761203,17.922543
100.30753404165948,9.9288455980126,3326741342310109056,1.4903559934839563,0.012715557,12.184334
100.30491355300776,9.919068046431455,3326741346606643840,1.140762319853912,0.08933662,15.735225
100.30524786044126,9.919059588165275,3326741346607877248,0.9002977788556519,0.11757386,15.274513
100.24258044319431,9.875220963059704,3326740689477364864,1.494808015539283,0.32818544,19.330853
100.21169377496102,9.882640876249896,3326717462294181120,1.225904879255667,0.22309305,18.62136
100.17891112087791,9.961591374664716,3326929908556996480,0.5042524497676985,0.40912697,19.597212
100.17555767232813,9.949990829708852,3326929049563233152,0.5726953540455455,0.18542382,18.575785
100.2016362936549,9.994219825354389,3326930355231810944,0.3562041211970138,0.109267294,17.29491
100.19613739775266,9.891888653145088,3326717531013658752,0.3080494900703763,0.3136706,19.042828
100.17892679854111,9.965608407035512,3326929908556718208,0.7397435870859224,0.10261367,16.998808
100.17692258068632,9.921456382285458,3326928946483975424,1.5241105952497709,0.12648143,17.59042
100.20726275349372,9.882922646676535,3326717466589159424,1.341401884153634,0.089039095,17.17089
100.18154150474868,9.972101715060584,3326929942916498560,1.4051212803795512,0.62165576,17.564716
100.23415735647532,10.008185746159748,3326930492677173760,3.070716845758608,0.96948653,20.307245
100.27420875228688,9.879933057158052,3326740040937260160,1.412822834085366,0.02997896,15.204887
100.17393843966278,9.951507419595089,3326929053857859968,20.904793,,
100.17356628418383,9.931347067635594,3326928950778151296,2.199792394581642,1.0612177,20.524496
100.22763601804888,9.873660479841996,3326740723837102208,20.790071,,
100.1743331219252,9.925823734840767,3326928946484374656,0.2997127567364471,0.2511675,18.771875
100.30353711966286,9.906421987445873,3326740487611773056,1.6254153251425845,0.73864645,20.393837
100.24093718976238,10.009991078586664,3326931214225080576,0.5286251774767203,0.39565727,19.299593
100.18416493750864,9.90233703353168,3326905203903327488,0.4609988236556449,0.6528244,20.144926
100.26019598682868,9.873580473731746,3326739937858048384,1.450373727054231,0.06817147,16.72508
100.22545792704716,9.873459432292533,3326740728129988096,1.3989077194384885,0.2238168,18.240993
100.2091018497088,9.879708888729075,3326717462294180736,0.2268833931916571,0.4305805,19.356909
100.20566889754092,9.881641004642066,3326717462294180992,1.5375541782489268,0.13575302,18.021318
100.17842228755974,9.969569630018848,3326929942923803392,0.253534482232109,0.69749445,19.935572
100.25013623987536,9.87162169294824,3326740693772293248,1.4357398443590537,0.032343756,9.912781
100.21918232227767,10.006510041869454,3326930458310836224,0.3822895406828505,0.47936103,19.667498
100.22881136076812,10.009357836268215,3326930492679524608,1.159598612474389,0.8280366,20.014893
100.21192941121072,9.877712860191687,3326717462294228224,1.5066583792475348,0.19105221,18.37137
100.28875557746068,9.994056280559404,3326930909284528128,0.5631406606656885,0.0754501,14.404326
100.21750927599408,9.875294149694044,3326717260430728832,1.2917078530906148,0.060284253,16.326622
100.17210106725094,9.952096829095652,3326929049563235840,0.4632735175239452,0.1295459,17.90133
100.27161147177291,10.005236247937498,3326931179865338368,2.01162497924945,0.28505436,16.316513
100.17158192371784,9.932550124085214,3326928946488943744,1.501576594109766,1.8677024,20.633484
100.17138006585128,9.947998038306231,3326929049563522944,1.5506800910489786,0.29367802,19.149267
100.25643768180922,10.010110315751154,3326931218521066496,1.3655115156827,0.035848755,15.065562
100.25611131265728,10.010195847940471,3326931218522233984,1.262318899602281,0.14078176,17.189316
100.2306384896214,9.871067510776344,3326740728132033024,1.2409939222999276,0.10689933,17.438005
100.173185402416,9.921466345812084,3326928946483977088,1.8377892785951957,0.02516231,14.762191
100.1947972362122,9.994103717148755,3326930428248198144,0.6907163151609481,0.084258854,16.849802
100.19668820033154,9.885868016697534,3326717535308637184,1.4285481673505542,0.11191622,17.240467
100.2317455632696,9.870123022914695,3326740659410510976,1.2922354153626876,0.18589713,18.438898
100.1755819394814,9.913350443289277,3326905272624539520,0.7624346747798982,0.4375397,19.562422
100.18604334165111,9.895892651456672,3326905208198948096,0.9591746426908272,1.1402692,20.617067
100.29772557001324,9.894042513145148,3326740453254116864,0.8933146973766272,0.18283834,17.987541
100.18695397307376,9.987266553496298,3326930389591563648,0.6058910536589315,0.44137686,19.672176
100.28688643360738,9.883633779157774,3326740075296996736,1.5196028235103072,0.08651463,17.084929
100.19682690447848,9.99696836018268,3326930423957990912,1.5634491616927628,1.3081498,20.536352
100.27010005569292,9.8737010936936,3326740036642287104,1.2281422415646377,0.22373925,18.610136
100.26488737111964,10.00978986314098,3326931179865338752,1.3623579021285743,0.05010499,16.016035
100.28833035092144,9.883730933731222,3326740075296996608,1.470296608638027,0.07641555,16.506699
100.25336234192108,9.868749479356833,3326739937858049024,1.3346273373430175,0.06106865,16.516165
100.16947146054146,9.95133144498586,3326929809772913792,0.2507584443322752,0.07629864,17.16538
100.3161627949209,9.93177150166374,3326741376671105664,1.4646561308289965,0.5261082,19.80123
100.2726719592733,10.007933531010286,3326931179865342080,0.4936708815469189,0.26143873,18.774567
100.16887498807452,9.95081699225131,3326929805477479040,1.5344189291403472,0.13149942,18.028572
100.19354813776457,9.996194547376824,3326930428248198016,1.4028898392489146,0.039746907,15.714737
100.29521914219256,9.888382124256172,3326740448959150080,1.1785605440104756,0.082737215,17.114004
100.18431944798496,9.894263237536585,3326905203903326976,1.3035464010006586,0.09639252,16.91548
100.2432679817325,10.01503066341129,3326931970145923840,1.1968289415000677,0.9425846,20.167784
100.18172996618496,9.897049933544524,3326905203903327104,0.8021860315896698,0.15607949,17.793915
100.19490110549025,9.998317341868146,3326930428248197888,0.2421642416043865,0.111162394,17.345964
100.31483316977474,9.962898595528038,3326743129017439488,1.2902160555789843,0.46443418,19.062107
100.20868439442012,9.874294712718456,3326717466589160832,1.4758325735664457,0.12774563,16.709745
100.17812442731918,9.979902831425743,3326930015931415680,20.756775,,
100.22668539810144,10.013819331436627,3326930496968220672,0.7091169958577841,0.21665567,18.455505
100.2170037285966,9.870488586872698,3326717260430729984,1.3593738348532218,0.044416975,15.475857
100.19039079618535,9.99512487083285,3326930393888460288,1.5961774377189262,0.118398696,17.457376
100.17720122754132,9.902574429607323,3326905272624530304,0.3884631779828054,0.19750388,18.621794
100.17786906160453,9.901458821417055,3326905272629208320,1.4491386093570182,0.48631656,19.699293
100.19114312665948,9.99610020082818,3326930428248198272,0.3123979503438603,0.031448558,15.221875
100.3138751377992,9.914124004883584,3326740590693067520,0.9070150071067676,0.093681544,16.936901
100.26869977925668,9.870168558230278,3326739933563070720,1.0863062767088878,0.18493056,17.829689
100.17654500114384,9.978524809035155,3326930015931341184,20.617271,,
100.20870667436256,9.873350944147653,3326717466587119232,1.1343866330438626,0.38129526,19.260166
100.23682906209314,9.865712280513424,3326740655117624448,1.337951946829526,0.06830545,16.623817
100.2639493713848,10.01327393537248,3326931248584816000,1.0860933773538282,0.2528751,18.701008
100.26903301054269,10.01182301635495,3326931184162435200,1.4102646702136483,0.08183515,16.990402
100.19172301974616,9.997524645337112,3326930423957694080,2.238276956260413,0.32543147,19.061642
100.29325386232225,9.883824324218269,3326740006577519360,1.351220620965273,0.036098916,9.905841
100.21202836056844,9.871187757740804,3326717260431680896,0.2841323253822287,0.5741662,19.826443
100.20714806965772,9.873403698371227,3326717462294179840,0.5650095136137199,0.116847314,17.385033
100.26199724836142,10.014410333530977,3326931248591418624,20.726627,,
100.21895982480022,9.86831155957218,3326717256135796096,0.9621061309366954,0.2742104,15.37914
100.24636111249234,9.864690391992909,3326739903498311424,1.1965284175534034,0.14621328,18.018236
100.26664544875808,10.0134675790876,3326931184161100160,20.643465,,
100.16549295271948,9.931997244523831,3326929015203768960,1.0932701036310124,0.56194204,19.76651
100.31927687506044,9.953653250331891,3326742922864844544,1.1001201647968235,0.106371075,17.379549
100.26730245142984,9.86813992242335,3326739937855993984,1.0111023080739032,0.3322461,18.296082
100.17016824589892,9.968781589392622,3326929912851476352,20.776884,,
100.17185769897095,9.908580278081454,3326905276919722496,0.5990357935081917,0.09037464,16.698507
100.30960952138524,9.901240908218837,3326740483318575616,1.1588193948862755,0.16122046,18.324865
100.16991643736866,9.969267463694228,3326929912850812544,20.654797,,
100.16931520179756,9.913593124913849,3326905483076854144,0.6751641781994848,0.2364568,18.899342
100.17705230819293,9.983464488939886,3326930011636227072,1.1809879135009025,0.4009732,19.614157
100.31870373219864,9.960424890683642,3326742922859280768,3.0904616244953727,1.164263,19.451538
100.24928834143353,9.863562663049894,3326739899203380096,1.2325221911351796,0.05564925,15.930918
100.26739273179508,9.867190272282723,3326739937858048000,1.346138635255098,0.028876396,14.629252
100.17757921757968,9.896572277563644,3326905208200246016,1.435501643466924,0.034314204,15.532045
100.20665615048487,9.871464513808728,3326717462294178944,1.4848928999737887,0.19225569,18.462284
100.29971732519036,9.994762740333664,3326930909284527744,1.3598068742983314,0.09507797,16.95353
100.23343117487494,10.018293172683013,3326931970139322496,0.9084977753080088,0.11826698,17.316998
100.32088014434098,9.95312829034928,3326742922858073344,3.320359838100128,0.018035293,11.4148
100.16952550280932,9.970971698810995,3326929977276481024,0.5362370234952762,0.39772528,19.578913
100.19563103648264,9.877909255020914,3326717466589162624,1.0341106470980888,0.16342302,17.918745
100.25918870760438,9.8644032522715,3326739933562218496,1.4032387357502265,0.013631992,12.68319
100.17233370841726,9.903835657713078,3326905272623980288,1.3730753449058453,0.019369721,13.442338
100.1706695969772,9.97465858237579,3326929977276208000,0.8011127944973562,0.18545547,18.684309
100.29682233182804,9.882132056999383,3326740002281694592,1.3457689395082784,0.028755048,10.092553
100.25931505344282,9.862642679488095,3326739933567597056,1.6021633888045042,0.1939112,18.141186
100.21449148829126,9.865462581492606,3326717260431282560,1.744707164515366,0.53048307,19.4236
100.22346140593892,10.019104284013578,3326930561390049536,1.846257286611748,0.2771874,18.932259
100.30293903368924,9.995703518232798,3326931012363742464,0.4319307619974429,0.07721522,16.433895
100.17859356346008,9.991513700371636,3326930389593101568,0.524455861290355,0.25713816,18.906124
100.26835823493415,9.86388499273246,3326739869138571904,1.434336419767893,0.035828736,12.334354
100.21419647994986,10.016905323933257,3326930561396951680,20.764135,,
100.18657385034568,10.000476905546051,3326930423958827648,1.385882137778124,1.4217628,20.48636
100.3254198644605,9.943279160089933,3326742858435795968,0.2370777774788145,0.054568984,14.895349
100.2148105236074,9.86370019175049,3326717260430731648,1.3310366424917213,0.036478598,9.11603
100.29933793413998,10.000812496004778,3326931008068832768,20.505716,,
100.1864698860402,10.001554358285054,3326930423960062208,2.331064286288113,1.7883275,20.549904
100.22633579115184,10.021416843014611,3326930561390049792,0.3782971833912671,0.13712397,17.936552
100.22906334913006,10.021973569837373,3326932038867751296,1.8636885577802649,0.7281505,20.205935
100.31744976102596,9.977424998910797,3326743167671339904,2.2672862686564117,1.1574724,20.111835
100.23278850627555,9.858442256709088,3326717191711252608,1.3934018980164535,0.063616894,16.583199
100.21413366433178,10.018931443997229,3326930565687147008,0.6176899310537978,0.55865365,19.792416
100.16425407642112,9.971418419802443,3326929977276481536,0.7404189621923619,0.47513673,19.825325
100.21384058232567,10.018948416042896,3326930565685818880,0.2880883823868573,0.30684316,19.026157
100.20998523173958,10.01751401603146,3326930565685820544,0.8261199445034346,0.5183615,19.328209
100.27122707642556,9.862346285641914,3326739869138571776,1.393298465937289,0.0325033,14.743377
100.20234361471044,10.014406110614358,3326930527037688832,0.644547133970346,0.415318,19.31046
100.20954496527196,10.017845163530582,3326930565687147904,1.5416865348788438,0.05645478,16.187483
100.19430483583244,10.00962431344117,3326930630109718784,0.2060976484137738,0.16454703,18.21683
100.1909747886165,10.007553912944443,3326930634406627456,0.4103329593181978,0.08893586,16.88063
100.23993903887678,10.024914315370884,3326931970139325824,0.7830624189070607,0.8344452,20.353868
100.16007786526907,9.96260979116351,3326929874196650496,1.623880788372597,0.023916803,9.165994
100.32186537192412,9.908974306809691,3326740521973590656,1.4094228606786707,0.031284355,14.971016
100.29594337933588,9.874876543148192,3326740006575454080,0.8776677060508782,0.2622897,18.541367
100.25305667847628,9.856422161792665,3326739903496265344,17.542435,,
100.25326206142464,9.85615405199628,3326739903498311808,1.390279183054388,0.028028617,14.246314
100.32950713258526,9.93996956085656,3326742854139493376,0.2358142055132813,0.20489913,18.656126
100.2734058615481,10.021322710655268,3326931351664034944,0.6474876653169452,0.43484923,19.266016
100.22255507626608,10.024579688922495,3326930565685815808,20.607143,,
100.29461006104242,10.010218039910855,3326931081081880960,0.4314531232656659,0.37630197,19.096172
100.30342279659358,9.87871444182021,3326740006577518848,1.3244102065143333,0.029198127,15.077022
100.15609835167776,9.95404886650165,3326929809771608064,0.8725351544564477,0.832827,20.294228
100.15543008495278,9.931383018097646,3326929019499472768,1.762632833810081,0.5470445,19.840027
100.32340175334342,9.906610673964792,3326740517683158912,20.605915,,
100.15788112467663,9.964333507879278,3326929874201879424,0.7331719260854148,0.16324681,18.130972
100.29986225806552,10.006835179256962,3326931076786123392,1.8033326547258597,0.20150943,18.274708
100.19817471023292,10.01591123926456,3326930737485840640,1.2884732159945465,0.09148554,16.988064
100.1591450153724,9.969102548989646,3326929977276527360,0.7717420923721786,0.33402807,19.294415
100.20706775370348,10.020424980094312,3326930767555080576,1.8144103679911885,0.89181226,20.333761
100.15484309336684,9.93137933692249,3326905547502160640,0.2522892381161,0.10429117,17.384724
100.24206426214468,9.85374836289765,3326716435797007744,1.4360297775767237,0.063529566,16.725801
100.15608440565914,9.92256040656841,3326905547502149760,1.4354238890586235,0.03783238,15.749668
100.242368714428,9.853589144931998,3326716435794964352,19.246681,,
100.15702642663668,9.963601302891222,3326929878492390272,0.301946630099745,0.054455843,16.321747
100.2036892754322,9.862318785886938,3326717226070995328,1.4075075899431408,0.020530386,9.9915695
100.26848416935466,9.85722186437077,3326739869138572032,1.6534388665954691,0.059445933,14.256009
100.28830971881824,9.865851786353575,3326739972217783552,1.239997660311218,0.19732998,18.452812
100.19974102119068,10.017412040014806,3326930733188741120,0.2443664043674721,0.08752462,17.072525
100.29530352108536,10.011330973896667,3326931081083218304,1.5652296619173718,0.04167737,12.859077
100.2148339937863,9.857606737413562,3326717221776057600,1.6851597583649451,0.45911676,19.593172
100.23215810022327,9.85382113828053,3326717191711253632,1.3265434356893386,0.029721366,15.109622
100.30240532700934,9.875329167260793,3326739800419650944,2.8376103826829837,0.69024473,13.981316
100.15532950257747,9.960565622960988,3326929878492391168,0.3820728550076915,0.09842001,17.225727
100.32934599685596,9.918351339035125,3326740620762374272,20.831137,,
100.24102058535416,9.85246010748024,3326716435797008256,1.1221121840261756,0.06964712,16.070538
100.15620547681551,9.916064546902208,3326905478782410368,1.3784986519704607,0.016101753,11.608925
100.3120418758067,9.998229309581186,3326931008066646144,1.3281258342269566,0.19030562,18.383997
100.1522506878349,9.930769388422846,3326905551797629184,0.2020684748970409,0.12192247,17.669897
100.19902877734948,10.019450565869665,3326930733195637120,2.407762990568472,1.2193613,20.48555
100.28952557348572,9.863867583677749,3326739766059353472,1.3821518356676032,0.040177964,15.002804
100.32044752220786,9.98770575689876,3326743335175888000,1.4255303494462452,0.073960654,16.498932
100.30707704956193,10.004474808747885,3326931008068840832,20.901375,,
100.32145512138996,9.894363801025545,3326740418894376704,1.2923384226125323,0.07708215,17.021793
100.15909827234849,9.9032122068655,3326905238264899584,0.4435997854349678,0.49333182,19.665237
100.18854444320822,10.014593111625755,3326930634405302016,20.931711,,
100.17731851243173,10.005303714806526,3326930595751555584,0.7529654320505429,0.4655176,19.513742
100.1811478783296,10.008962171038634,3326930630111533312,1.385890640180323,0.5257198,19.782795
100.2272737052174,10.030731868653705,3326932043155894912,0.4002355481877877,0.024569016,14.206229
100.15196939767424,9.922255587114565,3326905547502453760,0.9156380659320622,0.35690317,18.941256
100.17140544856932,9.882346948497869,3326905173840508416,1.3854267493004684,0.025726745,14.8673725
100.16367575190786,9.98944163937676,3326930222089771520,0.2028644496590164,0.041708227,15.799874
100.25250356515104,10.032028444018952,3326932008794819456,19.553684,,
100.26087497074867,9.850698825940327,3326739830483849856,1.1625050564427477,0.13048062,17.564667
100.23669297433848,9.848898936000875,3326716431502020736,1.2069396973895052,0.21636629,18.681213
100.1778078706526,10.007219365259555,3326930630111298176,0.5553770263885631,0.1615279,18.412388
100.16161647906804,9.986879705422364,3326930222088455040,0.5141907750882677,0.44215778,19.543074
100.3275808227522,9.902097599561245,3326740517677229056,2.589972159415184,0.85709435,20.191109
100.1999415848336,10.02290440836623,3326930733188741760,0.3925052292294529,0.06583599,16.320915
100.17060714161887,9.999882190007726,3326930595756674048,0.9215739433999296,0.8296659,20.337553
100.15596612456709,9.976379679413457,3326929977276485248,1.0749445475623738,0.6349108,19.82579
100.21315934312275,10.028830626508578,3326930771845575808,1.3266266326383571,0.037547123,8.851212
100.17972334287036,10.009831108303564,3326930630111534208,0.5305389627543902,0.58459777,19.702131
100.2247745032365,9.8494361223927,3326717157351517440,0.9963862862419268,0.10124508,17.348217
100.14830494831976,9.93575777279444,3326906303421220480,0.2272859371465208,0.8911367,20.189894
100.18554249685592,10.015092882440674,3326930634406627200,0.8662149487594573,0.12296697,17.554798
100.14787947720345,9.943480780258692,3326929771117729024,0.6526900717557602,0.1153203,17.556099
100.19925191797698,10.023924474570656,3326930733195637376,20.622282,,
100.20826862003526,9.85350993947153,3326717221776056448,1.1958946214318489,0.14964889,17.859886
100.14985072258293,9.961369783044429,3326929874201879168,20.556524,,
100.19258076849248,9.861119477918614,3326717329148181248,1.3848913337950546,0.15309931,18.024578
100.311926883442,9.87621212673946,3326740174081288960,1.2869094505752,0.48438698,19.639732
100.2259638803768,9.848182132849963,3326717157351517696,4.021000217744857,0.055100046,14.795055
100.21890307062284,9.849565892878562,3326717157351518336,1.5035834170758828,0.07297856,16.868742
100.33675890292264,9.92349503570228,3326740552037320192,0.9935401932241084,0.3213597,19.207605
100.22992220251832,9.8471409680733,3326716397142282240,1.2631603494074974,0.030845078,15.298919
100.20899608258948,10.02958664918369,3326930771845668480,20.853441,,
100.19952404177076,10.025523024568066,3326930733188741888,0.5527510182430507,0.8275101,20.307808
100.2312683996688,10.035901805526969,3326932038858892160,0.8181363227305811,0.6033177,19.758846
100.1514429578406,9.907535984558049,3326905444427772672,2.3639806057837127,1.1735464,20.406252
100.22147202193896,9.847249536080795,3326717157349479040,0.9727270698215223,0.21793859,18.553394
100.2491247999988,10.036809120763523,3326932004499068928,1.5112864297138286,0.12035978,17.4564
100.33448206764778,9.974836932150009,3326743064594222592,1.2854146993197442,0.04529543,15.806677
100.33141272529892,9.98286853067221,3326743266458122496,20.60887,,
100.25271934046732,10.037327657739969,3326932111875370368,1.7349674874168943,0.1651978,17.549526
100.2415702602854,10.037842749044916,3326932077514296832,1.17428256487796,0.25887862,18.988651
100.1757153543316,10.01224536957035,3326930630111310592,0.5122223265288154,0.11964167,17.513603
100.17049140560508,10.00714243604846,3326930595756673920,21.004152,,
100.17543516757502,10.012006215415775,3326930634405305472,20.716217,,
100.3308530187972,9.896902203116142,3326740315813077760,0.3741140537052186,0.52639204,19.719654
100.30353811314612,10.017809227015409,3326931111145866112,0.5073705274699659,1.0918276,20.224934
100.30544552449904,9.865109125909402,3326739800419090176,1.3590573724092854,0.058814764,16.323967
100.19824441417768,10.0283978192782,3326930767557431040,20.539295,,
100.33595983669404,9.906956070376436,3326740517677235840,0.9073174262982666,0.190308,18.668242
100.17591895999186,10.013556710751542,3326930698838050432,0.2586419728716851,0.5889864,19.846832
100.3410434740914,9.926045280943187,3326742033802075392,0.2765245140208777,0.08810328,17.082867
100.17238062339696,10.01046528218473,3326930664476151424,20.788383,,
100.23759987528828,9.842723290137686,3326716431506551552,2.556811567428544,0.789494,20.445652
100.14292841540816,9.939683268243613,3326906307710574208,1.4395008790584112,0.21927518,18.700058
100.14485837118146,9.961698640462792,3326929878492392064,1.7017576281885332,0.05765628,15.09682
100.2708585557969,9.846217335113474,3326739628618357248,17.135239,,
100.27067633247631,9.846101900522957,3326739628620404352,1.842505734812486,0.1732875,14.362891
100.16761585684318,10.006567683729417,3326930668766368128,0.8644780265059366,0.043902274,15.860421
100.27870113474012,9.848315270549271,3326739658684850816,1.5861420816056246,0.30064946,19.056665
100.19652754928002,10.028969414685427,3326930767548481152,0.2796282720971017,0.13082433,18.022232
100.18777060950302,9.85766016608018,3326717329150212352,1.2762374603177755,0.07331659,16.699053
100.14195069179384,9.942492212619117,3326906303416421120,0.6577132778217611,0.18190876,18.326239
100.18973006492536,9.856402738957694,3326717329150212224,0.5777285941586888,0.049556978,15.948907
100.17062295403952,10.010396839407514,3326930668765045632,0.8616499333845404,0.81249887,19.986118
100.14664229065276,9.972395086176196,3326930080360590720,0.2073210225609416,0.9736743,20.171152
100.3212488866465,9.87792433723045,3326740178376209536,1.3674525809721354,0.06947129,16.593927
100.16742076646878,10.007779137628887,3326930668766368000,0.3954158992710941,0.10711968,17.213129
100.26111314741044,9.842438605350807,3326739834779788160,1.1768540095119857,0.27074605,18.902935
100.32472260397483,9.881594526052314,3326740208441027968,1.2647707393893306,0.45815292,19.627104
100.2042449272788,10.033724205100157,3326930767555377280,20.636366,,
100.23757084364648,10.041140826790803,3326932073218546816,0.3448762872973119,0.24887083,18.80305
100.32577546563196,9.999133985716265,3326743369537329280,20.919363,,
100.19081082544156,10.028229411425997,3326930801908219136,0.6917353078944326,0.3971135,19.409725
100.21308150936504,9.843847870929972,3326717153056578688,1.0127755656756554,0.14032796,17.751799
100.2728983896825,10.03763891562852,3326931351664040320,0.3651243662660404,0.16497499,17.842339
100.3391424489482,9.976507197534316,3326743064594222080,4.360069407998313,0.014942078,13.362162
100.34561946876585,9.94670886053776,3326742136880962944,20.7563,,
100.33975471132206,9.906212720919836,3326740350174739200,20.976706,,
100.19737860707951,10.032425564321414,3326930836274851584,20.787016,,
100.20979848396296,9.844157480808803,3326717049977363712,0.988839119301706,0.23310411,18.774776
100.23729833251362,10.04267236183244,3326932073218547200,0.7302543642712019,0.12109097,17.332964
100.32977940106832,9.995998737484005,3326743369535893888,1.3441853690215906,0.4990984,19.359219
100.155033017354,9.886178367815846,3326905135185229824,3.179266464211787,0.4672564,17.382147
100.139413705529,9.950728778689015,3326929839837216640,1.2719121735353236,0.13097513,17.768135
100.18652681430036,10.026785195870612,3326930806205317248,0.3708252731799177,0.11531804,17.255964
100.21075181094368,10.038390978102576,3326932245017322752,0.5729917826025731,0.22429465,18.86198
100.13882532497188,9.95151281651042,3326929844131353216,0.5990425738949157,0.34899074,19.30859
100.3188496405219,9.87032461637764,3326740109656733440,1.8301051039823468,0.015948698,12.562078
100.18776057550868,10.028484864863234,3326930801908219008,0.5713403455919248,0.54229194,19.81836
100.1778450046836,10.021663052943026,3326930698835891456,20.877617,,
100.17428305166736,9.862857270542184,3326717393574755328,1.478977396324301,0.061141506,15.760808
100.27125586496028,9.841723469259014,3326739624325110528,1.5568181546875273,0.17261821,18.202852
100.20102664534862,10.03556374950768,3326930840563724672,0.3115528378307465,0.8586726,20.270592
100.29360493207425,10.031073056086557,3326931321601386240,0.5157437018884754,0.04775989,15.457414
100.2054405477494,10.037379713925436,3326930767555910656,20.778004,,
100.13867270805532,9.927014260974632,3326906303416703232,0.330282536990191,0.11599787,17.545588
100.18624779867814,10.02797235786211,3326930801915108736,0.8677427757975711,0.4079758,19.409822
100.19882024649289,10.034739658125291,3326930836267964032,0.4083869952769199,0.4629533,19.625774
100.14538095601036,9.901983939756354,3326905345639200512,1.4236585424939971,0.07884051,16.788979
100.17436894004187,9.86228589653522,3326717393579136640,1.5845230499889795,0.09795181,16.098774
100.31755687017385,10.013396178073014,3326931042426390784,0.6634212423402591,0.66136044,19.826828
100.34415021355936,9.912084117073832,3326740552038815488,20.698544,,
100.3463450573219,9.920934771443624,3326742033799982080,20.74705,,
100.1725698263064,9.862868853243423,3326717397867661312,1.0241650354416256,0.71530247,20.05233
100.34818610236444,9.949379548680875,3326742132586790400,0.9699846590783916,0.8220134,20.370089
100.34735691853902,9.924784514557468,3326742029507573376,0.2335013452205558,0.9473253,20.162788
100.28032449927856,10.038580527572188,3326931386023778816,3.0592491777048454,0.17605682,18.16483
100.17778145654354,10.023681805319256,3326930703124778880,0.7760591843621036,0.95346355,20.054388
100.19762370599057,10.03582024753189,3326930836267964160,0.2723561105043383,0.20549461,18.770432
100.28908433534744,10.035370229154832,3326931386025942016,20.589346,,
100.21151665076874,9.840344097179864,3326717049977363200,0.2303091957597339,0.08248169,16.7936
100.22880339068548,9.836574578591645,3326716401437823488,1.6305393181199763,0.035045378,15.654967
100.13871880736298,9.965804906756354,3326930080355691136,0.7175108090518675,0.5062068,19.863386
100.2866179669218,10.036925926823487,3326931386023947904,0.4840144430559063,0.46473292,19.434065
100.1446523472554,9.98322958013394,3326930183434655360,0.3278769503794612,0.34041926,19.252054
100.2415536355535,10.046464752539254,3326932073218547712,0.2963420117759635,0.53542596,19.515093
100.31733869687748,9.864029407794618,3326739727409169664,20.164093,,
100.14297480024732,9.981704107371256,3326930183439804416,0.363635773198166,1.1848003,20.45014
100.1754700337938,10.024078337931394,3326930698830809856,0.7564617033257867,0.17377459,18.536942
100.33799416138424,9.890664342867192,3326740315815160832,5.772857331530783,0.0845426,16.958467
100.14357449435973,9.898168695954892,3326905341348531840,1.0081815300042838,0.10710579,17.2594
100.173734709268,10.023097551353958,3326930698835890048,1.2236262820802215,0.49678257,19.57943
100.34549597848796,9.974316397945412,3326743060299720192,0.4603430134669199,0.83812815,20.287619
100.35098339425464,9.935872191619865,3326742068161812096,0.9520045389656996,0.030206949,14.828644
100.29783884875796,10.032808278154144,3326931317304385920,0.3097671764564089,0.31513277,18.97261
100.14277715492884,9.898927526726016,3326905345637907840,0.9787194574213042,0.11477674,17.363909
100.155480615859,10.004699352224288,3326930290809791232,0.2459977268719249,0.360647,19.29774
100.16437696727871,10.015049312240668,3326930668765045888,2.4453355259081664,1.7523733,
100.17322896879928,10.02356349660098,3326930703126104320,0.6415372892315712,0.3517262,19.228664
100.35081690160207,9.954031553934138,3326742239960133120,20.827324,,
100.13561135150285,9.961497323099463,3326930050291084800,20.400461,,
100.28132845274624,10.04130924032138,3326931386025931776,3.0589308291380344,0.6218476,19.706264
100.32484773566422,10.011524037282124,3326931042428593920,20.742838,,
100.2581030077266,9.834365173770834,3326716160919101824,1.4697790861086188,0.09834532,17.32625
100.199772396664,10.039750312809389,3326930836274549632,20.65626,,
100.1338160320214,9.930886768254688,3326906273350840192,0.5878006164042124,0.5780278,19.907133
100.28083990828472,10.04172656326358,3326931386023779712,3.650550029470236,0.20821229,18.569979
100.28169107213084,10.041419956799649,3326931390320863104,1.0183673043010868,1.1142002,20.215998
100.13758987535056,9.970900424696422,3326930084649514880,0.55425482373384,0.6787985,20.012205
100.1353208277559,9.961804515536176,3326930050289781504,0.6898660533012051,0.33517936,19.027678
100.33507049149226,9.998658463512024,3326743369535638656,0.4718278660457382,0.14047764,17.638422
100.3439688864171,9.899733994600318,3326740311524723456,20.748152,,
100.13414258747724,9.95613847084038,3326929839837223552,1.903540400425092,0.14197747,17.95107
100.19238574965138,10.037139326637094,3326930840563726336,5.012444990549607,0.9472074,20.079584
100.35091210178074,9.921648979621828,3326742029506069248,0.4022987314698766,0.6931325,20.016045
100.15373090818268,10.004881759072797,3326930290809247104,0.5419613103708584,0.17591724,18.549856
100.25153699745825,10.048982057737945,3326932176297762944,1.7206281019644636,0.16794711,18.189068
100.31990224576676,9.863336741756878,3326739727404688128,1.043814456246628,0.5269688,19.899567
100.13294941814672,9.952092687679285,3326929839837509120,0.4733816813136783,0.4208087,19.558737
100.19990521525472,9.840546452709184,3326717049977363328,0.3159103387704976,0.10670185,17.433254
100.14574757872188,9.993094658966482,3326930252154150912,0.643809412316621,0.21680157,18.761402
100.27309018150116,10.045438414001806,3326932141938107904,0.5152197491728211,0.43139422,19.346375
100.13207260460302,9.939327278550758,3326906372140643712,20.562017,,
100.1876735461973,10.035618219161549,3326930801908225920,0.2508285339081414,0.14436528,17.807663
100.24471273985334,10.050012193012666,3326932176297763200,0.356838347235414,0.6698397,19.748457
100.34442226534392,9.896899431334967,3326740315815159296,5.401346813026717,0.05751425,16.254759
100.13202187190616,9.95225340370691,3326929844131355776,20.823677,,
100.18062055249511,9.849839904652947,3326717294790475008,1.4122843468469788,0.02644193,14.552155
100.14206653798632,9.987851517301904,3326930252154140800,0.5342678137150698,0.13049032,18.019983
100.15563781163895,10.009595866608938,3326930664471272704,0.7172033063472676,0.5174792,19.89028
100.17536467940332,10.02852136196529,3326930801910032640,0.49303786400438,0.08724771,17.149094
100.1579726868828,10.012553287904884,3326930664478311936,20.153118,,
100.13882706788198,9.981378525689516,3326930153370297088,1.4001673606036569,0.039239634,15.905474
100.16205741717684,10.017109184889252,3326930664476147328,20.74547,,
100.14104557525184,9.986827438666571,3326930252154397696,0.3645514040105067,0.8129807,20.098024
100.3472852837277,9.901937172469976,3326740350172808960,0.3441066657608038,0.889816,20.311813
100.1346585455065,9.969605439673805,3326930080355415168,1.5766025145887823,1.3725936,19.668892
100.3128667140561,9.854950458435033,3326739727404329088,1.2433734714896296,0.3104224,18.98211
100.14390257095305,9.888809077168728,3326905135190103296,20.56449,,
100.24503234759544,9.830495639679375,3326716332715757184,20.81222,,
100.1861618053655,9.845478159453826,3326717088630017024,20.226446,,
100.31324663872796,10.026764868345689,3326931489102986112,0.5499546231553146,0.066383906,16.177368
100.17010651879828,10.02546744815776,3326930703126104576,0.2492487234599923,0.14138597,17.806005
100.25746031378335,10.050654258330663,3326932176297763584,0.334058333617603,0.41127843,19.107344
100.17296604747612,10.027929863990549,3326930698831022464,1.3803343847273633,0.9041316,20.137539
100.17630748622732,10.030508935592232,3326930806205318272,3.0696015070744447,0.06315409,16.312574
100.2207240028512,10.049754455073424,3326932279379045632,20.6422,,
100.33946708350156,9.883742440780791,3326740139720522880,1.351173900582191,0.4461719,19.49482
100.2054173697842,10.045771917239772,3326932313738751232,0.4751426275725672,1.4096886,20.560287
100.14465939301098,9.99621163462959,3326930252154155520,2.85353442956578,0.07234172,16.78697
100.1909237338394,10.039991306741154,3326930836274530048,20.81911,,
100.175110633077,9.851287692826665,3326717290495738496,0.5582952908297459,0.30118033,19.0043
100.17667469987764,10.031537851545018,3326930806205317888,0.2788814097157493,0.08084326,16.742025
100.17096584305384,10.027283641501938,3326930703126104064,0.7809772287902468,0.13438024,17.970816
100.2401464900187,10.05261723289794,3326932382456194432,0.2248459192290283,0.19058633,18.080912
100.22153168254646,10.050718241650683,3326932279376978816,0.3172203382179485,0.1897458,18.201887
100.14340582820586,9.995242059812288,3326930252154152832,0.79510073046921,0.43890408,19.63601
100.34799990982502,9.982887690903564,3326743094657712896,0.2193737152786523,0.25911367,18.925854
100.14308061052832,9.994896311440606,3326930252159281280,1.1923797170208978,0.48570564,
100.13286362048032,9.970890371416669,3326930084649516672,20.752064,,
100.22628308201004,10.05192267118172,3326932279376979072,0.7013238333404067,0.26443717,18.953056
100.34711090639225,9.895532972113692,3326740311518789120,0.6986941332229288,0.5304611,20.020119
100.1331115793121,9.972875630264369,3326930080355421824,0.285944580663667,0.07327837,16.701878
100.2706722290008,10.050137287476046,3326932141938024960,1.6465954016944204,0.35347256,19.09098
100.26566294428464,10.051408214867772,3326932141946971008,20.725676,,
100.12808766218738,9.946872900906614,3326906376430053248,1.0634935286411458,0.5442554,19.792171
100.33068649858016,10.013379002541695,3326743751789945472,18.53649,,
100.29828995586558,10.03986593944414,3326931699558507648,1.38962923225367,0.019951282,13.755475
100.25228035442235,10.05368321115937,3326932176297764608,0.787393136442595,0.13452531,17.474522
100.12765679643712,9.939457166846266,3326906376430054528,20.70274,,
100.14683082944028,10.003562441147787,3326930286519021056,20.752214,,
100.35682898876878,9.926421937955253,3326742029505753088,0.3025876540162561,0.17319615,18.258753
100.33737286277812,10.00529745734234,3326743747492769024,2.483235177767245,0.15175721,17.99446
100.2307341353859,10.053625933662362,3326932279376979968,1.3468144304496852,0.24785604,18.943027
100.25869334829544,10.05319564022859,3326932210657502848,1.3288792850176026,0.1544135,18.1086
100.24227054095776,10.05433190985579,3326932382456195200,1.015389425316097,0.13984163,17.720636
100.21407992150496,10.050823286420874,3326932313736717312,1.236935442333885,0.10948579,17.311953
100.34687347300992,9.989807437838245,3326743300816152064,0.474960217060467,0.15423667,17.8212
100.34876548760668,9.985911250361648,3326743098953958528,1.0310083436825903,0.30687726,18.983768
100.35827550725062,9.939661072821467,3326742063865509760,0.4905596158262472,0.1650494,18.398039
100.22177887310212,9.828726739942224,3326716298357379200,1.54662890208648,0.1318788,18.162283
100.23485277852318,10.054636454307536,3326932382456195328,0.375455239932036,0.23081994,18.730797
100.23273314840814,10.054534964860515,3326932382458279168,1.6258437811129072,0.87996334,20.211843
100.35805638502148,9.95421928315166,3326742235664220032,0.9770069480468424,0.07809706,16.85741
100.16441937026734,9.856052443868332,3326717359219485056,20.7103,,
100.33106823923148,10.015249548663675,3326931420383511040,0.4060042053773839,0.4956239,19.537523
100.2803606182207,9.832364346705877,3326739559900928000,1.3952747231545666,0.07150498,16.846685
100.3496018386471,9.986271521163337,3326743094659468288,0.5037001213600634,0.62906045,19.812532
100.35799555787683,9.956862190600868,3326742235664512000,0.8402709865110922,0.43582222,19.206884
100.1527354664687,9.867546291852134,3326905036401556480,1.3651595339601712,0.046607275,15.594418
100.17320706571996,10.033265566664168,3326933756846784256,2.854203280252291,0.8833622,20.138296
100.1933046817998,10.045045472053248,3326930836267966336,0.4429198648693492,0.25830105,18.125608
100.15878629564732,10.020847745885856,3326933623702545408,0.3390211039574889,0.22946212,18.843933
100.32167567196164,10.025597035562663,3326931489102988800,0.5531882264686128,0.23794459,18.710646
100.18191392964545,9.842349882508133,3326717084337101824,0.3549852024176791,0.15750273,17.737
100.24944553395127,9.825786907373814,3326716122264063232,1.2676912274050804,0.09822867,17.335667
100.16452969674124,10.02659857188678,3326933658062280832,0.3558477275584775,1.0201395,20.243938
100.13079778712824,9.974853381829224,3326930153368992512,2.8745878132275715,1.4448633,20.667288
100.16452391490245,10.026899746977003,3326933653768313728,1.6329203911402512,0.4379125,19.522146
100.28193055198328,10.049610492288808,3326932519904093312,2.0599743260161505,0.22157389,17.831028
100.12831868329638,9.966523328365165,3326930045995672704,0.507900044773341,0.14572987,18.319363
100.3580093893485,9.9618918621864,3326742991580277504,0.2945675037279814,0.8527244,20.126984
100.1756883634746,10.035720473617378,3326933761142817152,20.106216,,
100.15876672499974,9.859921253376024,3326717359215215872,1.3669736544165545,0.27637073,19.018621
100.17538937432388,10.035601193559362,3326933761141491328,1.2784658009223837,0.17048192,18.01249
100.1935373225084,10.045984041175444,3326930836274536960,20.71181,,
100.35083854281145,9.895258242270456,3326740242799311360,1.286452553257783,0.14514123,18.07465
100.16848881943103,9.850684022053276,3326717294790476160,1.3032369652068967,0.06436398,16.52679
100.12652830393075,9.960333399822725,3326930045995661824,0.4208760848138217,0.14995126,18.350958
100.2437173954142,10.056921653952609,3326932386753276544,0.4762695553705642,0.08253952,17.052643
100.1254878691704,9.9547629897156,3326906582588481536,2.583874001888769,0.6215311,19.943668
100.23866542359086,10.056992317279295,3326932386751939200,0.3112475438729113,0.560123,19.886347
100.15397601210212,10.017552671673538,3326933623703867904,0.2659301257352395,0.07387976,16.951393
100.2185151432611,10.05462827548479,3326932352392205184,0.734147541632493,0.462696,19.462984
100.16095393387454,9.85681111993511,3326717363507926656,0.2058164440026924,0.53487945,19.801825
100.32664845328506,9.859042393987236,3326739727405063296,0.271500861915057,0.65331477,19.982002
100.3587403343886,9.96258954873722,3326742995874744704,2.357099182450762,0.32520944,19.152397
100.34930916859732,9.990980820375016,3326743094657723008,0.5976459267767841,0.14100488,17.595875
100.14485111410896,10.006567068076482,3326933241451412992,0.3031298208767802,0.14346923,18.13457
100.16673797439334,9.851280050510564,3326717294790476416,0.4747646575162923,0.09114309,17.025143
