OBJECT_ID,2MASS,_RAJ2000,_DEJ2000,Jmag,Hmag,Kmag
3326906582588481536,06403010+0957170,100.125458,9.954747,16.521,15.349,14.878
3326930045995661824,06403037+0957371,100.126564,9.960331,16.256,15.604,15.105
3326930045995672704,06403079+0957595,100.128325,9.966536,15.777,15.105,15.015
3326906372140643712,06403170+0956217,100.132101,9.939377,16.662,15.419,14.918
3326930080355421824,06403195+0958223,100.133126,9.972869,14.547,14.125,14.090
3326906273350840192,06403215+0955514,100.133975,9.930969,16.411,15.624,15.668
3326929839837223552,06403219+0957220,100.134153,9.95613,14.751,14.033,13.757
3326930080355415168,06403231+0958104,100.134648,9.96958,16.094,15.279,14.838
3326930050289781504,06403248+0957424,100.135367,9.961788,15.63,15.079,14.683
3326930252154139904,06403260+0959164,100.135841,9.987916,16.386,16.061,15.406
3326906303416703232,06403328+0955372,100.138673,9.927005,13.284,12.056,11.551
3326930153370297088,06403332+0958529,100.138858,9.981377,13.616,12.888,12.706
3326929839837216640,06403346+0957026,100.139432,9.95073,14.692,14.083,13.814
3326929839837220352,06403350+0957141,100.13961,9.953924,15.117,14.607,14.210
3326906303416421120,06403406+0956330,100.141932,9.942507,15.209,14.457,14.143
3326930252154140800,06403410+0959162,100.142102,9.987849,15.738,15.117,15.142
3326905345637907840,06403426+0953561,100.142786,9.898926,13.449,12.56,12.083
3326906307710574208,06403430+0956229,100.142919,9.939696,15.202,14.783,14.194
3326930252159281280,06403436+0959420,100.143192,9.995007,16.208,15.666,14.791
3326905341348531840,06403445+0953533,100.143564,9.898162,13.162,12.228,11.701
3326905135190103296,06403454+0953197,100.143932,9.888824,15.363,13.883,13.201
3326930183434655360,06403472+0958595,100.144671,9.983221,16.266,15.48,15.046
3326930252154155520,06403472+0959467,100.144684,9.996307,14.289,13.711,13.388
3326929878492392064,06403476+0957422,100.144837,9.96174,13.603,13.049,12.923
3326933241451412992,06403476+1000235,100.144863,10.006537,15.736,15.038,14.793
3326905345639200512,06403489+0954071,100.145386,9.901996,13.74,13.051,12.813
3326930252154150912,06403497+0959353,100.145736,9.993165,16.597,15.928,15.937
3326929771117729024,06403550+0956365,100.147925,9.943473,14.866,14.326,13.842
3326906303421220480,06403559+0956087,100.148313,9.935767,16.768,15.653,15.281
3326929874201879168,06403594+0957410,100.149758,9.961409,16.564,15.531,15.474
3326905444427772672,06403634+0954271,100.151433,9.907545,16.595,14.921,13.647
3326905547502453760,06403646+0955201,100.151929,9.922261,15.724,14.888,14.603
3326930187728722816,06403650+0958256,100.15209,9.9738,16.566,16.101,15.363
3326905551797629184,06403654+0955507,100.152254,9.930756,15.02,14.524,14.304
3326905036401556480,06403665+0952032,100.152745,9.867564,12.733,11.759,11.101
3326930290809247104,06403690+1000179,100.153785,10.004978,16.148,15.478,15.365
3326933623703867904,06403696+1001031,100.154004,10.017545,15.044,14.776,14.457
3326905547502160640,06403716+0955529,100.154855,9.931375,14.611,14.116,13.830
3326905135185229824,06403720+0953102,100.155041,9.886186,14.061,13.018,12.385
3326929878492391168,06403728+0957380,100.155342,9.960575,14.61,13.981,13.740
3326929977276485248,06403741+0958348,100.155884,9.976353,16.33,15.709,15.547
3326905547502149760,06403746+0955212,100.156094,9.922578,13.532,12.811,12.655
3326905478782410368,06403749+0954578,100.156222,9.916072,10.53,10.216,10.139
3326905478787525504,06403756+0954420,100.15652,9.91168,16.665,15.768,15.209
3326929878492390272,06403768+0957489,100.157018,9.963611,13.71,13.249,13.002
3326929874201879424,06403789+0957514,100.15789,9.964294,14.719,14.377,13.998
3326717359215215872,06403810+0951358,100.158761,9.859961,15.64,15.014,14.697
3326933623702545408,06403810+1001152,100.158778,10.020889,16.234,15.925,16.299
3326905238264899584,06403818+0954116,100.159096,9.90323,15.45,14.368,13.777
3326929977276527360,06403820+0958089,100.159193,9.969149,16.331,15.329,15.213
3326929019499472512,06403841+0956042,100.160064,9.934516,16.966,15.914,15.268
3326929874196650496,06403842+0957454,100.160095,9.962638,7.858,7.403,7.331
3326717363507926656,06403862+0951245,100.160945,9.856821,16.372,15.545,15.140
3326929805477482624,06403868+0957149,100.161199,9.954152,15.83,15.306,15.211
3326930222088455040,06403880+0959122,100.161676,9.986735,16.706,15.742,15.018
3326930222089771520,06403928+0959219,100.163679,9.989438,13.316,12.857,12.600
3326929977276481536,06403941+0958173,100.164248,9.971496,16.73,15.904,15.379
3326717359219485056,06403945+0951218,100.164404,9.856074,16.372,15.026,14.609
3326929015203768960,06403971+0955554,100.165472,9.932065,16.91,15.895,14.798
3326717294790476416,06404001+0951046,100.166721,9.851304,12.881,11.585,11.079
3326930668766368000,06404018+1000280,100.167435,10.00779,15.073,14.558,14.403
3326930668766368128,06404022+1000236,100.167623,10.006579,13.725,13.241,13.009
3326929805477768064,06404023+0956565,100.16765,9.949037,16.499,15.91,14.953
3326905478783068800,06404041+0954513,100.168375,9.914262,15.782,14.672,14.275
3326717294790476160,06404043+0951025,100.168491,9.850695,14.016,13.326,13.067
3326905483076854144,06404063+0954488,100.169314,9.913581,15.357,14.453,14.147
3326929977276481024,06404067+0958152,100.169471,9.970906,16.603,15.539,15.296
3326930703126104576,06404082+1001316,100.170096,10.025456,15.587,15.104,14.778
3326905272629132544,06404092+0954108,100.170519,9.903003,14.82,14.09,13.724
3326929977276208000,06404096+0958288,100.170676,9.97467,15.866,15.234,14.852
3326930703126104064,06404103+1001382,100.170979,10.027298,15.679,14.866,14.633
3326905173840508416,06404113+0952565,100.171411,9.882367,12.533,11.774,11.250
3326929049563522944,06404113+0956529,100.171392,9.948042,15.744,15.3,15.063
3326928946488943744,06404117+0955572,100.171549,9.932573,16.844,15.558,14.962
3326905276919722496,06404124+0954308,100.171859,9.908575,12.886,11.762,11.330
3326929912850811776,06404125+0958073,100.17191,9.96872,16.84,15.957,15.512
3326929049563235840,06404130+0957075,100.172092,9.9521,15.532,14.747,14.299
3326717294790475520,06404131+0951023,100.172156,9.850659,12.806,12.024,11.713
3326905272623980288,06404136+0954138,100.172338,9.90385,11.64,10.951,10.427
3326928946483977088,06404156+0955174,100.173176,9.921504,13.349,12.878,12.758
3326930698835890048,06404168+1001233,100.173679,10.023148,15.994,0.127,UBU
3326928950778151168,06404170+0955520,100.173772,9.931137,16.27,15.042,14.805
3326928950778151296,06404170+0955520,100.173772,9.931137,16.27,15.042,14.805
3326928946484374656,06404183+0955330,100.174326,9.925848,14.027,12.447,11.740
3326717393579136640,06404184+0951445,100.174356,9.862365,12.753,11.853,10.978
3326717290495738496,06404203+0951047,100.175131,9.851321,15.528,14.606,14.204
3326930801910032640,06404209+1001427,100.175379,10.02854,14.552,13.895,13.698
3326933761141491328,06404210+1002083,100.175434,10.035646,15.187,14.571,14.334
3326930698830809856,06404212+1001266,100.17551,10.024082,16.35,15.801,15.312
3326905272624539520,06404213+0954481,100.175547,9.913374,15.849,14.809,14.398
3326929049563233152,06404213+0957001,100.175553,9.950029,15.705,15.007,14.698
3326930634405305472,06404216+1000442,100.175687,10.012279,15.137,14.657,14.428
3326930630111310592,06404216+1000442,100.175687,10.012279,15.137,14.657,14.428
3326930806205318272,06404227+1001508,100.176162,10.030783,14.107,12.702,AUU
3326930806205317888,06404240+1001534,100.176681,10.031527,13.815,12.573,AUU
3326928946483975424,06404246+0955172,100.176938,9.921468,14.807,14.086,13.935
3326930011636227072,06404246+0959010,100.176957,9.983638,16.611,15.78,15.291
3326905272624530304,06404252+0954093,100.177201,9.902591,15.198,14.583,14.171
3326905208200246016,06404262+0953477,100.177595,9.896588,13.506,12.83,12.691
3326930630111298176,06404266+1000260,100.177778,10.007224,16.329,15.638,15.142
3326905272629208320,06404268+0954052,100.177856,9.901458,15.665,15.096,14.635
3326930698830798848,06404268+1001079,100.177861,10.018869,16.704,15.716,15.645
3326930011635962368,06404276+0958552,100.178184,9.982005,15.686,15.372,14.829
3326929049563590144,06404278+0956258,100.178257,9.940516,16.448,15.539,14.996
3326930389593101568,06404286+0959292,100.178599,9.991449,16.231,15.739,15.738
3326929908556996480,06404291+0957416,100.178828,9.961566,17.027,15.867,15.279
3326929908556718208,06404294+0957563,100.178918,9.965644,14.468,13.794,13.588
3326928946484374528,06404299+0955308,100.179162,9.925236,16.423,15.687,15.521
3326930630111534208,06404312+1000362,100.179704,10.010061,16.961,15.964,15.950
3326928950779456640,06404329+0955195,100.180398,9.922094,14.892,14.261,13.975
3326717294790475008,06404335+0950595,100.180629,9.849875,12.568,11.953,11.725
3326929942916498560,06404357+0958197,100.181559,9.972153,14.696,13.896,13.569
3326905203903327104,06404361+0953493,100.181722,9.897047,14.222,13.485,13.075
3326717084337101824,06404365+0950324,100.181899,9.842361,14.058,12.991,12.645
3326929152642461056,06404380+0957299,100.182537,9.958314,15.404,14.676,14.538
3326928740324101760,06404393+0955168,100.183052,9.921356,14.249,12.941,12.469
3326905203903327488,06404421+0954083,100.184225,9.902312,16.58,15.952,15.467
3326905203903326976,06404424+0953393,100.184337,9.89427,13.786,13.103,12.855
3326928985137886464,06404432+0955497,100.184708,9.93049,16.21,15.705,15.225
3326928740324113152,06404436+0955193,100.184848,9.922031,13.779,12.551,12.091
3326928980842270464,06404442+0955398,100.185118,9.927723,14.817,14.259,13.998
3326929942914962816,06404442+0958044,100.185102,9.967901,16.638,15.824,15.231
3326930801910032256,06404449+1001406,100.185413,10.027951,14.77,14.333,14.113
3326930634406627200,06404451+1000545,100.185475,10.015165,15.124,14.542,14.291
3326717084337102208,06404464+0950436,100.186017,9.845445,15.815,14.977,14.392
3326717088630017024,06404464+0950436,100.186017,9.845445,15.815,14.977,14.392
3326928980842270848,06404470+0955540,100.186267,9.931668,15.034,14.252,13.985
3326930806205317248,06404476+1001364,100.186513,10.026795,14.813,14.185,13.891
3326929152640978816,06404480+0956478,100.186702,9.946621,16.166,15.46,15.114
3326930389591563648,06404481+0959141,100.186737,9.987251,16.78,16.16,15.542
3326929191297621120,06404485+0957442,100.18688,9.962293,12.262,11.566,11.423
3326930801908225920,06404504+1002082,100.187677,10.035632,15.176,14.573,14.200
3326717329150212352,06404506+0951276,100.187769,9.857693,14.147,13.496,13.233
3326928774690252160,06404523+0955181,100.188463,9.921699,16.505,15.485,15.048
3326929942914948608,06404543+0958040,100.189333,9.967785,15.955,15.272,14.815
3326717329150212224,06404553+0951230,100.18974,9.856413,12.007,10.835,10.367
3326930393888460288,06404569+0959425,100.190397,9.995163,13.089,0.071,0.080
3326929947211863168,06404572+0958288,100.19051,9.974694,14.16,13.558,13.415
3326930801908219136,06404577+1001414,100.190725,10.02818,16.33,15.769,15.107
3326717427934488064,06404582+0952106,100.19093,9.869613,15.843,14.559,14.278
3326930634406627456,06404583+1000271,100.190976,10.007552,14.81,14.426,14.467
3326930428248198272,06404587+0959460,100.191139,9.996124,12.289,11.492,11.150
3326930423957694080,06404601+0959509,100.191728,9.997499,15.833,15.475,14.800
3326930840563726336,06404618+1002139,100.192455,10.037216,16.373,16.07,15.645
3326717329148181248,06404622+0951401,100.192595,9.861147,14.432,13.743,13.295
3326930836267966336,06404640+1002423,100.193371,10.045111,15.187,14.617,14.167
3326930428248198016,06404645+0959463,100.19355,9.996213,13.399,12.72,12.513
3326930630109718784,06404663+1000347,100.19433,10.009641,15.745,15.311,14.948
3326930320872085504,06404668+0958503,100.1945,9.980647,16.31,15.744,15.317
3326928675900247296,06404672+0954246,100.194692,9.906855,12.215,11.513,11.286
3326929083921502336,06404675+0956513,100.194804,9.9476,15.729,14.856,14.658
3326930428248198144,06404675+0959388,100.194814,9.994116,14.65,14.132,14.080
3326930428248197888,06404677+0959540,100.194898,9.998347,15.095,14.666,14.434
3326929083921487360,06404682+0957055,100.195091,9.951542,14.867,14.351,14.086
3326929191297619712,06404689+0957559,100.19538,9.965547,15.839,15.175,15.175
3326928778980764032,06404694+0955036,100.19559,9.917694,13.34,12.604,12.224
3326717466589162624,06404695+0952405,100.195638,9.877944,14.749,14.057,13.413
3326717531013658752,06404707+0953308,100.19616,9.891911,15.652,15.059,14.763
3326929191297620224,06404714+0957427,100.196424,9.961864,12.923,11.917,11.531
3326930767548481152,06404716+1001442,100.196535,10.028953,15.702,15.244,14.963
3326717535308637184,06404721+0953091,100.196711,9.885884,14.607,13.909,13.769
3326929187000718592,06404725+0957591,100.196902,9.966428,16.408,15.698,15.714
3326928671604634624,06404736+0954360,100.197361,9.910017,16.536,15.786,15.271
3326930836267964160,06404743+1002088,100.197646,10.035797,16.335,15.539,15.328
3326930737485840640,06404756+1000573,100.198199,10.015939,14.096,13.46,13.234
3326929118281226112,06404768+0957182,100.198678,9.955064,14.97,14.259,14.132
3326928671604632704,06404773+0954059,100.198899,9.901662,15.989,15.102,14.719
3326741003009940096,06404780+0953552,100.199193,9.898689,11.682,11.102,10.726
3326929088217090560,06404788+0956487,100.199536,9.94687,15.919,15.145,14.722
3326930733188741120,06404794+1001027,100.199753,10.017428,15.01,14.658,14.397
3326717049977363328,06404798+0950260,100.199928,9.840556,14.016,13.217,12.828
3326930733188741760,06404798+1001224,100.199952,10.022906,13.918,13.349,13.127
3326717122991781504,06404801+0951151,100.200053,9.854212,15.625,15.166,14.902
3326741003009940608,06404809+0953393,100.200395,9.894265,13.497,12.899,12.726
3326928774683852544,06404810+0955369,100.200436,9.926923,14.702,14.121,13.709
3326930320872085760,06404816+0959118,100.200679,9.986623,15.52,14.88,14.534
3326930355231810944,06404840+0959392,100.201671,9.994237,14.713,14.132,13.812
3326930531326084224,06404852+1000476,100.202187,10.013243,16.25,15.62,15.233
3326717226070995328,06404888+0951444,100.203698,9.86234,9.521,9.129,8.477
3326929191297618944,06404904+0957450,100.204343,9.962521,13.064,12.008,11.615
3326740998714965248,06404911+0954031,100.204635,9.900865,14.118,13.567,13.278
3326928705964374528,06404912+0955129,100.204683,9.920276,14.135,13.309,12.927
3326929118281227008,06404921+0957387,100.205051,9.960768,13.574,12.738,12.369
3326928705964373376,06404926+0954430,100.205291,9.911968,14.743,14.126,13.875
3326929569254739584,06404932+0958514,100.205511,9.980949,15.241,14.486,14.270
3326717462294180992,06404936+0952539,100.205683,9.881663,15.834,14.135,12.718
3326740998714107008,06404953+0953230,100.206398,9.889729,10.918,10.861,10.780
3326717462294178944,06404960+0952173,100.206668,9.871493,15.156,14.468,14.184
3326930767555080576,06404961+1001140,100.206736,10.020565,16.902,15.962,16.439
3326929118281225216,06404962+0956531,100.20679,9.948102,13.486,12.981,12.819
3326717462294179840,06404972+0952242,100.207176,9.873407,14.188,13.408,13.099
3326717466589159424,06404974+0952586,100.207287,9.882954,14.204,13.56,13.334
3326928710259976064,06404981+0955079,100.207557,9.918879,15.868,14.912,14.398
3326717221776056448,06404999+0951127,100.208297,9.853535,14.878,14.237,13.938
3326717466589160832,06405008+0952275,100.208681,9.87431,13.572,13.007,12.660
3326929118281225600,06405014+0957039,100.208918,9.951107,13.823,13.077,12.843
3326717462294180736,06405018+0952469,100.209103,9.879705,15.36,14.399,14.088
3326929564957826944,06405021+0958316,100.209235,9.975471,15.626,15.232,14.839
3326930565687147904,06405029+1001043,100.209572,10.017871,13.423,12.751,12.495
3326741037369677312,06405033+0954158,100.209716,9.904407,13.028,12.403,12.105
3326717049977363712,06405034+0950391,100.209778,9.844196,15.372,14.836,14.410
3326928809043590656,06405047+0955307,100.210323,9.925221,15.707,14.911,14.561
3326932245017322752,06405057+1002181,100.210729,10.038374,16.234,15.415,15.142
3326928705964373888,06405059+0954573,100.210806,9.91593,12.466,11.688,11.276
3326929118281225856,06405066+0957099,100.211095,9.952755,15.538,14.999,14.698
3326740930000006272,06405069+0953207,100.211245,9.889099,16.58,15.753,15.129
3326717049977363200,06405076+0950253,100.211512,9.840371,12.22,10.895,10.222
3326717462294181120,06405081+0952575,100.211717,9.882655,15.184,14.464,13.956
3326717462294228224,06405086+0952397,100.211923,9.877719,15.122,14.492,14.094
3326928882059976576,06405086+0955530,100.211927,9.931408,12.863,12.187,11.969
3326717260431680896,06405089+0952163,100.212042,9.871216,16.174,15.307,14.940
3326741037367624704,06405094+0954328,100.212259,9.909133,14.297,13.219,12.801
3326741037369677184,06405105+0954076,100.212733,9.902127,16.775,15.922,15.201
3326717153056578688,06405113+0950379,100.213079,9.843869,14.514,13.844,13.325
3326930771845575808,06405116+1001439,100.213173,10.028868,8.909,8.971,8.930
3326928813339187584,06405122+0955233,100.213442,9.923155,16.142,15.008,14.692
3326740934288416768,06405130+0953287,100.213763,9.891327,15.35,14.777,14.496
3326930565687147008,06405135+1001083,100.213983,10.018983,16.251,15.495,14.946
3326930565685818880,06405135+1001083,100.213983,10.018983,16.251,15.495,14.946
3326717256140270848,06405138+0952012,100.214098,9.867016,15.265,14.367,13.776
3326932313736717312,06405138+1003030,100.214093,10.050844,14.493,13.827,13.689
3326740934288416896,06405141+0953243,100.214214,9.890094,14.687,14.077,13.881
3326717260431282560,06405148+0951557,100.214518,9.86548,15.261,15.025,14.465
3326717260430731648,06405155+0951494,100.2148,9.863736,9.376,9.47,9.429
3326717221776057600,06405156+0951275,100.214843,9.857639,15.253,14.163,13.613
3326929564957841152,06405161+0958191,100.215081,9.971991,15.895,14.9,14.738
3326929564964235136,06405178+0958241,100.215775,9.973366,16.436,15.401,14.936
3326928705964382848,06405182+0954567,100.215946,9.915769,16.259,14.963,14.393
3326930458310832384,06405186+0959582,100.2161,9.999519,16.598,15.762,15.184
3326717260430729984,06405208+0952138,100.217002,9.870508,13.095,12.395,12.213
3326930561390048896,06405211+1000506,100.217131,10.014064,15.572,15.118,14.721
3326928916419712896,06405219+0956433,100.217481,9.945367,14.156,13.385,13.236
3326717260430728832,06405220+0952311,100.217514,9.875322,13.733,12.987,12.741
3326928912122809472,06405240+0956365,100.218364,9.943497,15.413,14.239,13.878
3326932352392205184,06405245+1003168,100.218544,10.054681,16.524,15.635,15.303
3326717157351518336,06405254+0950585,100.21892,9.849592,14.19,13.452,13.234
3326717256135796096,06405255+0952059,100.218973,9.868331,12.689,11.97,11.724
3326930458310836224,06405261+1000237,100.219236,10.006597,16.958,15.858,15.384
3326928912129206272,06405286+0956566,100.220281,9.949064,16.937,15.974,15.369
3326740929995534464,06405300+0953236,100.220871,9.889906,15.343,14.702,14.305
3326740934290462976,06405302+0952594,100.220934,9.883183,13.404,12.673,12.463
3326717157349479040,06405315+0950501,100.221495,9.847253,15.033,14.425,14.145
3326932279376978816,06405316+1003025,100.221524,10.050722,15.233,14.488,14.143
3326716298357379200,06405322+0949437,100.221786,9.828828,15.51,14.845,14.445
3326741136153966592,06405341+0954436,100.222548,9.912136,14.888,14.223,14.248
3326929496244758656,06405341+0958017,100.222547,9.967142,15.552,15.007,14.673
3326930561390049536,06405364+1001087,100.22354,10.019098,16.273,15.816,15.042
3326929500535262464,06405367+0958000,100.223633,9.966681,13.814,13.078,12.860
3326717157351517440,06405395+0950580,100.224793,9.849459,14.273,13.607,13.458
3326740728129988096,06405410+0952245,100.225454,9.873486,15.336,14.883,14.334
3326929702396781568,06405417+0959178,100.225736,9.988287,14.483,13.738,13.351
3326928847700236928,06405419+0955519,100.225821,9.931103,13.695,12.936,12.757
3326928847698916992,06405419+0956169,100.225806,9.938039,15.381,14.788,14.299
3326717157351517696,06405423+0950538,100.225966,9.848278,12.562,11.91,11.717
3326928809043598080,06405425+0955341,100.226055,9.926159,14.861,14.158,13.755
3326930561390049792,06405432+1001170,100.226366,10.0214,15.654,14.857,14.678
3326932279376979072,06405433+1003070,100.226398,10.051959,16.646,15.808,16.065
3326740964355273216,06405439+0953292,100.226643,9.891445,15.494,14.841,14.658
3326930496968220672,06405441+1000498,100.22671,10.013842,15.637,15.026,14.846
3326928847700236288,06405451+0956085,100.227146,9.93572,11.625,10.169,9.541
3326932043155894912,06405455+1001507,100.227296,10.030756,10.866,9.983,9.598
3326929706693690752,06405459+0958586,100.227493,9.982964,15.32,14.06,13.646
3326930496967670912,06405459+1000079,100.227487,10.002212,16.11,15.342,14.867
3326740723837102208,06405463+0952252,100.227625,9.873687,15.673,14.528,13.926
3326740964355272704,06405486+0953207,100.228609,9.889098,15.252,14.55,14.529
3326740723837104000,06405488+0953123,100.228676,9.88677,13.918,13.086,12.397
3326716401437823488,06405490+0950123,100.228769,9.836754,14.011,13.42,13.210
3326929294376833152,06405490+0957092,100.228772,9.952559,15.011,14.352,14.006
3326717191709210752,06405502+0951252,100.229253,9.85702,15.775,14.58,13.925
3326716397142282240,06405517+0950498,100.229913,9.847176,13.074,12.424,12.230
3326741136153966848,06405523+0955138,100.230164,9.920506,15.051,14.455,14.275
3326932279377062016,06405530+1003199,100.230435,10.05554,16.854,16.494,15.554
3326740728132033024,06405535+0952159,100.230651,9.87109,14.165,13.583,13.249
3326932038858892160,06405550+1002093,100.231288,10.035931,16.679,15.621,15.146
3326740659410510976,06405561+0952125,100.231747,9.870156,15.056,14.488,14.218
3326717191711253632,06405571+0951138,100.232154,9.853848,12.872,12.197,12.012
3326929290079933184,06405572+0957076,100.232204,9.952131,14.749,14.052,13.809
3326929294376832384,06405582+0957278,100.232588,9.957731,15.22,14.502,14.250
3326717191711252608,06405586+0951304,100.232791,9.858468,13.862,13.154,12.924
3326740964359745920,06405590+0953534,100.232939,9.898173,13.425,12.672,12.456
3326929637974213248,06405590+0958522,100.232928,9.98119,16.483,15.247,15.112
3326931970139322496,06405601+1001060,100.233401,10.018334,14.785,14.031,13.748
3326930492677173760,06405618+1000295,100.234123,10.008212,16.605,15.579,15.666
3326932382456195328,06405636+1003168,100.234847,10.054673,16.08,15.533,15.110
3326929290086328576,06405639+0957083,100.234996,9.952323,16.512,15.516,15.118
3326741071729412992,06405650+0954104,100.235446,9.902895,10.783,10.306,10.206
3326932073218547328,06405667+1002397,100.236165,10.044365,16.475,15.748,15.295
3326929633677303936,06405671+0958331,100.236319,9.975887,15.556,14.88,14.624
3326716431502020736,06405680+0950561,100.236671,9.848923,15.153,14.568,14.144
3326740655117624448,06405683+0951566,100.236831,9.865734,14.022,13.302,13.010
3326932073218547200,06405695+1002337,100.23733,10.042701,14.7,14.069,13.822
3326741071729412352,06405698+0954198,100.237439,9.905504,14.506,13.941,13.590
3326741067438968704,06405698+0954198,100.237439,9.905504,14.506,13.941,13.590
3326932073218546816,06405701+1002281,100.237575,10.041148,15.968,15.308,15.319
3326716431506551552,06405702+0950338,100.237607,9.842743,16.216,14.784,14.253
3326929221360454912,06405707+0956426,100.237814,9.945168,14.723,14.113,13.806
3326741101794228352,06405748+0954573,100.239506,9.915929,14.82,14.264,14.039
3326929221360458752,06405753+0956166,100.239746,9.937954,15.726,15.07,14.980
3326741170513705344,06405754+0955328,100.239751,9.925801,14.603,13.584,13.077
3326929221360456192,06405755+0957039,100.239813,9.951084,16.108,15.256,14.973
3326929324439658112,06405758+0958126,100.239931,9.970193,14.059,13.296,12.823
3326932382456194432,06405763+1003094,100.240131,10.052637,15.562,15.203,15.043
3326929324446067328,06405774+0958163,100.24062,9.971198,15.438,14.44,13.969
3326929225657356288,06405783+0956299,100.240964,9.94164,11.978,11.457,11.320
3326931214225080576,06405783+1000360,100.240989,10.010018,16.196,15.443,15.179
3326716435797008256,06405784+0951089,100.241018,9.852487,13.149,12.299,11.935
3326932077514296832,06405798+1002163,100.241584,10.037865,15.216,14.746,14.274
3326741067438961664,06405801+0953592,100.24172,9.899787,11.823,0.041,0.035
3326716435797007744,06405810+0951134,100.242106,9.853742,13.869,13.197,12.938
3326740689477364736,06405813+0952354,100.242244,9.876518,15.065,14.365,14.283
3326932382456195200,06405814+1003154,100.242269,10.054304,14.956,14.179,13.868
3326741174808624256,06405820+0955445,100.242518,9.929043,13.464,12.765,12.527
3326740689477364864,06405822+0952309,100.242614,9.875265,16.391,15.778,15.047
3326931970145923840,06405838+1000544,100.243268,10.015129,16.769,15.976,15.128
3326932386753276544,06405849+1003249,100.243725,10.056943,14.074,13.392,13.027
3326932004499068416,06405863+1001567,100.244312,10.032431,15.934,15.457,15.026
3326740865570982400,06405866+0953447,100.244429,9.895751,5.202,5.322,5.340
3326932176297763200,06405873+1003001,100.244715,10.050029,16.622,16.173,14.910
3326716332715757184,06405875+0949493,100.244832,9.830368,16.653,15.916,15.322
3326929221360458880,06405880+0956535,100.245039,9.948212,14.8,14.167,13.703
3326929324446067584,06405882+0958017,100.245115,9.967156,16.569,15.674,15.271
3326741067438968832,06405886+0954215,100.245281,9.905993,14.916,14.366,14.232
3326740865570981632,06405893+0954008,100.245575,9.900236,10.111,10.044,9.950
3326739903498311424,06405912+0951530,100.246361,9.864723,14.686,14.17,13.851
3326741067438969088,06405919+0954145,100.24666,9.90404,13.955,13.302,13.109
3326740758201316608,06405923+0953078,100.246798,9.885526,12.354,11.678,11.453
3326741101798707584,06405934+0955201,100.247272,9.922276,10.653,10.064,9.701
3326929255720180352,06405938+0957356,100.247453,9.959901,14.746,14.046,13.780
3326929672332619136,06405944+0959454,100.247705,9.995965,12.781,12.093,11.685
3326929672333948544,06405944+0959454,100.247705,9.995965,12.781,12.093,11.685
3326929328736569088,06405949+0957410,100.247916,9.961401,14.876,13.89,13.478
3326740861280539136,06405974+0954063,100.248941,9.901754,12.951,12.278,12.100
3326932004499068928,06405978+1002126,100.249121,10.036842,14.66,13.816,13.502
3326739899203380096,06405983+0951489,100.24931,9.86359,13.458,12.777,12.612
3326716122264063232,06405987+0949329,100.249467,9.825809,14.527,13.954,13.698
3326740693772293248,06410003+0952178,100.250139,9.871637,9.998,10.001,9.943
3326932008796156288,06410008+1001333,100.250343,10.025942,16.195,15.044,14.661
3326929427518677504,06410025+0958496,100.251055,9.980456,11.846,11.361,11.198
3326740693773246848,06410026+0952150,100.251095,9.870848,11.019,0.046,0.043
3326740861280532224,06410035+0953532,100.251459,9.898128,13.885,13.168,12.945
3326932176297762944,06410037+1002564,100.251553,10.049001,14.962,14.331,14.109
3326740861280539264,06410040+0954100,100.251676,9.902792,16.112,15.329,14.670
3326740865570980864,06410043+0954035,100.251797,9.900984,12.99,12.331,12.120
3326932176297764608,06410054+1003133,100.252287,10.053695,14.693,14.066,13.762
3326932008794819456,06410060+1001551,100.252532,10.031984,15.222,14.319,14.183
3326932111875370368,06410065+1002144,100.252738,10.037353,14.581,13.993,13.841
3326739903498311808,06410077+0951223,100.253245,9.856203,12.191,11.596,11.404
3326739903496265344,06410077+0951223,100.253245,9.856203,12.191,11.596,11.404
3326739937858049024,06410080+0952075,100.253373,9.868767,14.031,13.119,12.632
3326929260015767808,06410137+0957080,100.25571,9.952228,16.546,15.874,15.211
3326931218521066496,06410153+1000365,100.256381,10.010159,12.848,12.197,12.052
3326929461878418304,06410168+0959038,100.257032,9.984411,15.004,14.375,14.254
3326741484046267776,06410172+0955514,100.257207,9.930948,13.279,12.537,12.299
3326932176297763584,06410179+1003023,100.257463,10.05065,15.803,15.088,14.866
3326740693772848896,06410188+0952480,100.257839,9.880014,9.254,9.23,9.204
3326740689481840896,06410190+0952394,100.257943,9.877631,14.481,13.593,13.180
3326716160919101824,06410194+0950037,100.258099,9.834384,14.314,13.741,13.507
3326740792561056128,06410206+0952508,100.258603,9.880803,10.493,10.44,10.364
3326932210657502848,06410208+1003116,100.258708,10.053234,14.771,14.098,13.828
3326739933562218496,06410220+0951519,100.259186,9.864431,11.202,10.775,10.618
3326929427525283328,06410221+0958240,100.259231,9.973348,15.839,14.587,13.989
3326739933567597056,06410223+0951456,100.259327,9.862678,14.638,14.116,13.781
3326739937858048384,06410245+0952249,100.26021,9.873611,14.167,13.516,13.274
3326931248584821120,06410248+1001165,100.260342,10.021275,16.336,15.336,15.059
3326740792561056512,06410253+0952475,100.260568,9.879864,14.563,13.99,13.640
3326739830483849856,06410260+0951026,100.260871,9.850731,14.203,13.658,13.375
3326739834779788160,06410266+0950329,100.261122,9.842475,15.189,14.632,14.284
3326741479751304704,06410283+0955221,100.261831,9.922831,14.561,13.927,13.615
3326931248584820480,06410285+1001355,100.261899,10.026547,16.343,15.611,15.399
3326740899930718336,06410286+0953527,100.261957,9.897989,13.779,13.112,12.884
3326931248591418624,06410288+1000521,100.262026,10.014489,16.75,15.634,15.149
3326740796851503872,06410290+0953360,100.262106,9.893361,13.922,13.201,12.996
3326929363096305408,06410328+0957549,100.263667,9.965272,13.053,12.377,12.239
3326931248584816000,06410334+1000478,100.263958,10.013297,15.386,14.712,14.272
3326741587125480960,06410336+0956529,100.26401,9.948028,13.814,13.193,13.035
3326741479751304960,06410354+0955320,100.264767,9.925567,15.609,14.402,13.961
3326931179865338752,06410357+1000353,100.264888,10.009828,13.423,12.809,12.531
3326929393158941056,06410393+0958094,100.266403,9.969294,12.99,12.314,12.064
3326931184161100160,06410399+1000485,100.266637,10.013475,16.221,15.034,14.743
3326739937858048000,06410417+0952020,100.267408,9.867225,12.772,12.149,11.946
3326739869138571904,06410440+0951501,100.268369,9.863919,10.737,10.3,10.145
3326739869138572032,06410443+0951260,100.268495,9.857247,12.488,11.881,11.713
3326740796851503744,06410446+0953183,100.268613,9.888441,12.979,12.266,11.981
3326739933563070720,06410449+0952127,100.268719,9.870214,14.938,14.382,14.167
3326741277887838080,06410456+0954438,100.26903,9.912191,9.523,9.255,8.909
3326931184162435200,06410457+1000426,100.269055,10.011855,13.971,13.353,13.090
3326740036642287104,06410483+0952254,100.270132,9.873735,15.115,14.51,14.281
3326932141938024960,06410496+1003005,100.270685,10.050144,15.753,15.165,14.956
3326739628620404352,06410497+0950460,100.27071,9.846135,12.244,11.539,11.090
3326739628618357248,06410497+0950460,100.27071,9.846135,12.244,11.539,11.090
3326739624325110528,06410510+0950302,100.271274,9.841735,15.152,14.579,14.359
3326739869138571776,06410510+0951445,100.27125,9.862385,12.744,12.128,11.979
3326929393158941312,06410511+0958461,100.2713,9.97948,16.012,15.187,14.731
3326740831209175296,06410512+0953476,100.271374,9.896583,13.828,12.753,12.092
3326740831211240960,06410512+0953476,100.271374,9.896583,13.828,12.753,12.092
3326931179865338368,06410518+1000189,100.271598,10.005271,13.052,12.449,12.185
3326740796851503360,06410521+0953157,100.27172,9.887719,12.472,11.821,11.641
3326741514115569152,06410534+0955418,100.272288,9.928302,15.051,13.129,12.219
3326741514111044480,06410535+0955562,100.272297,9.932296,15.259,14.655,14.379
3326931179865342080,06410543+1000286,100.272648,10.007957,14.045,12.71,12.124
3326740826920795648,06410547+0953408,100.272818,9.894688,15.68,15.178,14.917
3326741685908694528,06410548+0956534,100.272865,9.948177,14.408,13.775,13.615
3326931351664040320,06410549+1002155,100.272916,10.037652,14.478,13.605,13.200
3326932141938107904,06410554+1002436,100.273091,10.04546,15.87,15.222,14.863
3326931351664034944,06410561+1001168,100.273402,10.021349,15.041,13.93,13.500
3326741209168361856,06410568+0954187,100.273684,9.905202,12.738,12.022,11.844
3326740040937260160,06410581+0952478,100.274215,9.879963,12.994,12.292,12.066
3326741209166292608,06410641+0954107,100.276738,9.902974,13.188,12.54,12.313
3326741209168361600,06410641+0954107,100.276738,9.902974,13.188,12.54,12.313
3326741273597400704,06410646+0955079,100.276957,9.918868,15.97,14.986,14.425
3326740826920796160,06410650+0953453,100.277101,9.895932,14.376,13.675,13.447
3326741514109999232,06410669+0956112,100.277875,9.936448,15.273,14.66,14.372
3326739658684850816,06410688+0950541,100.278703,9.848362,15.847,15.102,14.678
3326931282951157248,06410704+1000525,100.279348,10.014584,16.154,15.64,15.233
3326741307952612096,06410712+0955089,100.279701,9.919143,14.178,13.173,12.575
3326930874924790656,06410726+0958311,100.280268,9.975323,12.538,11.869,11.681
3326739559900928000,06410728+0949566,100.280365,9.832395,13.653,12.983,12.756
3326931386023778816,06410730+1002188,100.280419,10.038581,15.202,14.718,14.348
3326931386023779712,06410741+1002303,100.280888,10.041773,15.414,14.956,14.489
3326932519904093312,06410767+1002586,100.281989,10.049634,15.306,14.8,14.486
3326931386023862528,06410810+1001562,100.283756,10.032281,14.893,13.993,13.419
3326741209166285184,06410817+0954156,100.284044,9.904361,15.034,14.47,14.278
3326740448959197952,06410865+0953466,100.286045,9.8963,15.65,15.263,14.804
3326931386023947904,06410879+1002130,100.286625,10.036961,15.69,14.975,14.572
3326740075296996736,06410885+0953011,100.286898,9.883647,14.066,13.228,12.764
3326741617188918912,06410892+0956476,100.287191,9.946566,15.191,14.601,14.322
3326930904994033536,06410895+0959283,100.28733,9.991214,15.951,14.637,13.981
3326739972217783552,06410919+0951571,100.288316,9.865866,15.233,14.497,14.152
3326740075296996608,06410919+0953015,100.288322,9.883761,13.628,12.953,12.710
3326930909284528128,06410929+0959386,100.28874,9.994073,9.294,7.623,6.951
3326741415326788480,06410934+0956081,100.288927,9.935594,11.907,10.568,10.003
3326931386025942016,06410936+1002075,100.289006,10.035438,16.361,15.334,14.914
3326739766059353472,06410948+0951500,100.289528,9.863905,12.338,11.634,11.407
3326931076786123776,06410977+1000443,100.290709,10.012308,16.221,15.188,14.720
3326931763980985984,06410993+1002495,100.291405,10.047099,14.308,13.153,12.688
3326740006577519360,06411038+0953018,100.29325,9.883849,9.877,9.868,9.808
3326931321601386240,06411046+1001519,100.293597,10.031107,11.514,10.379,9.939
3326741655844953984,06411070+0957424,100.294588,9.961793,13.474,12.763,12.508
3326931081081880960,06411070+1000369,100.294624,10.01026,15.151,14.402,14.030
3326740448959150080,06411085+0953182,100.29521,9.888405,13.675,13.18,12.825
3326931081083218304,06411088+1000409,100.295353,10.011377,11.96,11.751,11.653
3326740453254679808,06411095+0954166,100.295625,9.904619,13.836,13.369,13.320
3326740006575454080,06411102+0952294,100.295928,9.87486,12.881,11.108,10.241
3326740002281694592,06411123+0952556,100.296827,9.882133,10.167,10.221,10.225
3326740453254116864,06411145+0953385,100.297713,9.894055,13.179,11.955,11.321
3326931317304385920,06411148+1001580,100.297849,10.032797,15.566,14.944,14.507
3326931699558507648,06411159+1002235,100.298293,10.039877,11.984,11.392,11.277
3326931008068832768,06411183+1000030,100.29933,10.000848,16.668,16.048,15.554
3326930909284527744,06411193+0959412,100.299728,9.994797,14.205,13.516,13.324
3326931076786123392,06411196+1000249,100.299847,10.006919,15.426,14.909,14.486
3326741445390230784,06411197+0956562,100.299895,9.948947,15.054,14.493,14.254
3326741239231756416,06411242+0955001,100.301784,9.916697,14.751,14.126,13.885
3326739800419650944,06411257+0952311,100.302407,9.87533,11.494,10.686,10.205
3326931012363742464,06411270+0959446,100.302949,9.99573,12.246,11.067,10.623
3326743129017763328,06411275+0957486,100.303165,9.9635,16.551,15.87,15.448
3326740006577518848,06411282+0952433,100.30343,9.878714,12.912,12.262,12.089
3326931111145866112,06411285+1001042,100.303558,10.017842,16.149,15.108,14.632
3326741346607877248,06411322+0955086,100.305094,9.919081,12.279,11.571,11.328
3326741346606643840,06411322+0955086,100.305094,9.919081,12.279,11.571,11.328
3326739800419090176,06411330+0951544,100.305437,9.865122,13.996,13.334,13.075
3326741342316878720,06411365+0955370,100.306892,9.926967,15.995,15.24,14.895
3326741342310109056,06411380+0955439,100.307532,9.928872,11.183,10.897,10.817
3326740483318575616,06411430+0954045,100.309608,9.901256,14.756,14.157,13.932
3326742922864843776,06411443+0957178,100.310146,9.954958,16.374,15.156,14.884
3326740174081288960,06411485+0952343,100.311909,9.876206,16.772,15.931,15.477
3326931008066646144,06411489+0959537,100.312047,9.998253,15.041,14.653,14.078
3326739727404329088,06411509+0951179,100.312881,9.854978,15.487,15.047,15.016
3326931489102986112,06411518+1001364,100.31326,10.026781,11.674,10.465,9.883
3326743335177574784,06411521+0959071,100.313411,9.985317,16.598,15.82,15.391
3326740590693067520,06411532+0954509,100.313873,9.914139,14.187,13.581,13.373
3326743129017439488,06411555+0957465,100.314827,9.962934,15.73,14.955,14.569
3326741376671105664,06411587+0955545,100.316152,9.931831,15.632,14.482,13.934
3326931042428585728,06411587+1000219,100.316159,10.006089,15.995,15.181,14.680
3326740586397053312,06411612+0954326,100.317181,9.909062,16.335,15.395,15.394
3326739727409169664,06411614+0951505,100.317281,9.864034,15.176,13.754,13.065
3326743167671339904,06411619+0958387,100.317465,9.977417,16.57,15.56,15.232
3326931042426390784,06411621+1000482,100.317569,10.013403,15.221,13.9,13.356
3326742922859280768,06411648+0957376,100.318682,9.96047,15.396,14.28,13.921
3326740109656733440,06411651+0952131,100.318831,9.870331,11.676,11.422,11.364
3326742922864844544,06411662+0957132,100.319286,9.953676,14.108,13.51,13.282
3326931042426389120,06411675+1000548,100.3198,10.015223,15.888,14.468,13.994
3326739727404688128,06411676+0951479,100.319841,9.863306,16.439,16.432,15.199
3326743335175888000,06411691+0959158,100.320462,9.987743,13.693,13.035,12.825
3326740590694019328,06411696+0954428,100.320708,9.911906,15.747,15.002,14.549
3326742922858073344,06411700+0957120,100.320874,9.953351,10.48,10.235,10.149
3326740178376209536,06411709+0952405,100.321247,9.877923,14.065,13.348,13.211
3326740418894376704,06411714+0953398,100.321452,9.894392,14.254,13.532,13.330
3326931489102988800,06411720+1001321,100.321672,10.025609,14.897,14.106,13.621
3326740521973590656,06411725+0954323,100.321887,9.908993,12.833,12.045,11.552
3326740418892293632,06411727+0953456,100.32199,9.896009,15.276,14.066,13.485
3326740517683158912,06411760+0954237,100.323343,9.906593,16.689,15.825,15.197
3326740208441027968,06411792+0952541,100.32467,9.881718,14.585,13.221,12.581
3326931042428593920,06411797+1000416,100.324888,10.011565,16.364,15.371,14.746
3326742858435795968,06411810+0956358,100.325437,9.943295,10.332,8.95,8.370
3326742922859277824,06411814+0957106,100.325612,9.952962,16.52,15.48,15.084
3326743369537329280,06411821+0959571,100.325905,9.999215,17.194,15.851,15.639
3326739727405063296,06411839+0951325,100.326642,9.859035,15.035,13.482,12.810
3326740517677229056,06411862+0954074,100.327609,9.902073,15.993,15.53,15.109
3326740620762374272,06411906+0955057,100.329455,9.918262,16.596,15.74,15.371
3326742854139493376,06411907+0956239,100.329493,9.939985,14.272,13.013,12.460
3326743369535893888,06411915+0959456,100.329803,9.996004,15.405,14.541,14.055
3326743751789945472,06411937+1000480,100.33071,10.013343,14.425,13.576,13.181
3326740315813077760,06411940+0953489,100.330866,9.896937,15.529,14.534,14.075
3326742854139856000,06411945+0956338,100.33107,9.94274,15.944,14.84,14.423
3326931420383511040,06411945+1000549,100.331074,10.015251,15.999,15.03,14.475
3326743266458122496,06411954+0958584,100.331428,9.982912,16.332,14.874,14.276
3326743060298238720,06411996+0958358,100.333177,9.976612,15.707,14.787,14.358
3326743751788985600,06411996+1000422,100.333204,10.011748,15.579,14.591,14.113
3326743060299695488,06411997+0958317,100.333239,9.975498,14.425,0.158,UCU
3326743064594222592,06412028+0958295,100.334514,9.974885,12.877,12.258,11.925
3326740139721502336,06412029+0952285,100.334572,9.874598,15.53,14.716,14.235
3326743369535638656,06412041+0959552,100.335075,9.998671,14.305,13.584,13.226
3326742102519455232,06412060+0956309,100.335855,9.941921,16.326,15.232,14.890
3326740517677235840,06412063+0954249,100.335975,9.906935,15.255,14.557,14.135
3326740552037320192,06412082+0955247,100.33677,9.923538,15.576,14.614,13.970
3326743747492769024,06412097+1000194,100.337396,10.005407,15.096,14.548,14.289
3326740315815160832,06412110+0953281,100.33793,9.89116,14.085,13.542,13.278
3326743064594222080,06412142+0958355,100.339255,9.976543,11.77,11.248,11.138
3326740139720522880,06412147+0953016,100.339495,9.883779,15.987,15.378,15.185
3326742033802075392,06412185+0955337,100.34105,9.926049,13.515,12.541,12.137
3326740242805246592,06412214+0953221,100.342252,9.889488,16.514,15.507,14.847
3326740556333326720,06412229+0954520,100.342883,9.914449,13.482,12.373,11.929
3326740311524723456,06412253+0953591,100.343893,9.899773,16.727,16.27,15.389
3326740552038815488,06412260+0954438,100.344192,9.912179,16.597,15.869,15.395
3326743300817884800,06412261+0959190,100.344227,9.988615,16.731,15.744,15.237
3326740315815159296,06412262+0953495,100.344288,9.897101,13.607,13.013,12.797
3326743060299720192,06412292+0958280,100.345508,9.974446,16.474,15.479,15.136
3326743094657977472,06412305+0958403,100.346055,9.977887,15.096,14.449,13.969
3326743300816152064,06412325+0959233,100.346876,9.989818,14.707,14.041,13.643
3326742029507573376,06412337+0955291,100.347395,9.924776,16.836,15.911,15.471
3326743094657712896,06412351+0958585,100.347982,9.982926,15.876,15.234,14.916
3326742132586790400,06412356+0956577,100.348171,9.949387,16.304,15.245,14.885
3326743098953958528,06412370+0959091,100.348757,9.985882,15.809,14.44,0.113
3326743094657723008,06412383+0959275,100.34931,9.990996,14.435,13.779,13.390
3326743094659468288,06412388+0959104,100.349541,9.986224,16.107,14.466,0.125
3326740242799311360,06412420+0953429,100.350855,9.895265,14.636,14.091,13.718
3326742029506069248,06412422+0955178,100.350926,9.921623,16.742,15.998,15.428
3326742068161812096,06412424+0956092,100.351002,9.935896,11.979,11.451,11.137
3326740345880413056,06412500+0954251,100.354194,9.906993,17.086,15.702,15.052
3326742029505753088,06412564+0955351,100.356834,9.926423,15.443,14.75,14.607
3326742991580277504,06412589+0957429,100.357912,9.961937,16.555,15.614,14.896
3326742235664512000,06412592+0957248,100.358002,9.95689,15.779,14.889,14.732
3326742235664220032,06412593+0957153,100.358072,9.954254,13.782,13.16,12.821
3326742063865509760,06412598+0956228,100.358286,9.939676,15.333,14.639,14.224
3326742995874744704,06412610+0957459,100.358769,9.962757,16.799,15.891,15.323
3326742235664221568,06412615+0957213,100.358992,9.955943,15.915,15.335,14.923
